poe,date,arrivals,arrivals_male,arrivals_female
Bangunan Sultan Iskandar,2020-01-01,968359,561605,406754
Bangunan Sultan Iskandar,2020-02-01,720600,451208,269392
Bangunan Sultan Iskandar,2020-03-01,449425,277764,171661
Bangunan Sultan Iskandar,2020-04-01,177,152,25
Bangunan Sultan Iskandar,2020-05-01,148,137,11
Bangunan Sultan Iskandar,2020-06-01,199,179,20
Bangunan Sultan Iskandar,2020-07-01,329,269,60
Bangunan Sultan Iskandar,2020-08-01,485,439,46
Bangunan Sultan Iskandar,2020-09-01,758,684,74
Bangunan Sultan Iskandar,2020-10-01,782,702,80
Bangunan Sultan Iskandar,2020-11-01,616,558,58
Bangunan Sultan Iskandar,2020-12-01,559,488,71
Bangunan Sultan Iskandar,2021-01-01,393,348,45
Bangunan Sultan Iskandar,2021-02-01,332,284,48
Bangunan Sultan Iskandar,2021-03-01,413,368,45
Bangunan Sultan Iskandar,2021-04-01,302,269,33
Bangunan Sultan Iskandar,2021-05-01,177,160,17
Bangunan Sultan Iskandar,2021-06-01,52,39,13
Bangunan Sultan Iskandar,2021-07-01,104,80,24
Bangunan Sultan Iskandar,2021-08-01,84,64,20
Bangunan Sultan Iskandar,2021-09-01,109,92,17
Bangunan Sultan Iskandar,2021-10-01,200,165,35
Bangunan Sultan Iskandar,2021-11-01,288,202,86
Bangunan Sultan Iskandar,2021-12-01,2780,1546,1234
Bangunan Sultan Iskandar,2022-01-01,3465,2040,1425
Bangunan Sultan Iskandar,2022-02-01,2425,1427,998
Bangunan Sultan Iskandar,2022-03-01,7233,4024,3209
Bangunan Sultan Iskandar,2022-04-01,310984,195523,115461
Bangunan Sultan Iskandar,2022-05-01,487576,301154,186422
Bangunan Sultan Iskandar,2022-06-01,540638,319547,221091
Bangunan Sultan Iskandar,2022-07-01,681377,407318,274059
Bangunan Sultan Iskandar,2022-08-01,685203,407367,277836
Bangunan Sultan Iskandar,2022-09-01,705760,408990,296770
Bangunan Sultan Iskandar,2022-10-01,708965,410588,298377
Bangunan Sultan Iskandar,2022-11-01,735820,423995,311825
Bangunan Sultan Iskandar,2022-12-01,812808,445132,367676
Bangunan Sultan Iskandar,2023-01-01,753379,432889,320490
Bangunan Sultan Iskandar,2023-02-01,687041,402640,284401
Bangunan Sultan Iskandar,2023-03-01,784461,446810,337651
Bangunan Sultan Iskandar,2023-04-01,762581,436497,326084
Bangunan Sultan Iskandar,2023-05-01,795362,463157,332205
Bangunan Sultan Iskandar,2023-06-01,879538,491365,388173
Bangunan Sultan Iskandar,2023-07-01,959426,541878,417548
Bangunan Sultan Iskandar,2023-08-01,977271,559067,418204
Bangunan Sultan Iskandar,2023-09-01,1021527,574790,446737
Bangunan Sultan Iskandar,2023-10-01,1035435,591364,444071
Bangunan Sultan Iskandar,2023-11-01,965509,543125,422384
Batu Lintang,2020-01-01,1,1,0
Batu Lintang,2020-02-01,0,0,0
Batu Lintang,2020-03-01,0,0,0
Batu Lintang,2020-04-01,0,0,0
Batu Lintang,2020-05-01,0,0,0
Batu Lintang,2020-06-01,0,0,0
Batu Lintang,2020-07-01,0,0,0
Batu Lintang,2020-08-01,0,0,0
Batu Lintang,2020-09-01,0,0,0
Batu Lintang,2020-10-01,0,0,0
Batu Lintang,2020-11-01,0,0,0
Batu Lintang,2020-12-01,0,0,0
Batu Lintang,2021-01-01,0,0,0
Batu Lintang,2021-02-01,0,0,0
Batu Lintang,2021-03-01,0,0,0
Batu Lintang,2021-04-01,0,0,0
Batu Lintang,2021-05-01,0,0,0
Batu Lintang,2021-06-01,0,0,0
Batu Lintang,2021-07-01,0,0,0
Batu Lintang,2021-08-01,0,0,0
Batu Lintang,2021-09-01,0,0,0
Batu Lintang,2021-10-01,0,0,0
Batu Lintang,2021-11-01,0,0,0
Batu Lintang,2021-12-01,0,0,0
Batu Lintang,2022-01-01,0,0,0
Batu Lintang,2022-02-01,0,0,0
Batu Lintang,2022-03-01,0,0,0
Batu Lintang,2022-04-01,0,0,0
Batu Lintang,2022-05-01,0,0,0
Batu Lintang,2022-06-01,0,0,0
Batu Lintang,2022-07-01,0,0,0
Batu Lintang,2022-08-01,0,0,0
Batu Lintang,2022-09-01,0,0,0
Batu Lintang,2022-10-01,0,0,0
Batu Lintang,2022-11-01,0,0,0
Batu Lintang,2022-12-01,0,0,0
Batu Lintang,2023-01-01,0,0,0
Batu Lintang,2023-02-01,0,0,0
Batu Lintang,2023-03-01,0,0,0
Batu Lintang,2023-04-01,0,0,0
Batu Lintang,2023-05-01,0,0,0
Batu Lintang,2023-06-01,0,0,0
Batu Lintang,2023-07-01,0,0,0
Batu Lintang,2023-08-01,0,0,0
Batu Lintang,2023-09-01,0,0,0
Batu Lintang,2023-10-01,0,0,0
Batu Lintang,2023-11-01,0,0,0
Biawak,2020-01-01,13464,8908,4556
Biawak,2020-02-01,10315,6720,3595
Biawak,2020-03-01,4191,2714,1477
Biawak,2020-04-01,4,0,4
Biawak,2020-05-01,4,3,1
Biawak,2020-06-01,72,65,7
Biawak,2020-07-01,218,204,14
Biawak,2020-08-01,123,114,9
Biawak,2020-09-01,39,39,0
Biawak,2020-10-01,11,7,4
Biawak,2020-11-01,0,0,0
Biawak,2020-12-01,0,0,0
Biawak,2021-01-01,0,0,0
Biawak,2021-02-01,0,0,0
Biawak,2021-03-01,1,1,0
Biawak,2021-04-01,2,1,1
Biawak,2021-05-01,0,0,0
Biawak,2021-06-01,1,1,0
Biawak,2021-07-01,4,2,2
Biawak,2021-08-01,1,1,0
Biawak,2021-09-01,3,1,2
Biawak,2021-10-01,1,0,1
Biawak,2021-11-01,71,67,4
Biawak,2021-12-01,5,3,2
Biawak,2022-01-01,3,2,1
Biawak,2022-02-01,3,1,2
Biawak,2022-03-01,10,3,7
Biawak,2022-04-01,402,213,189
Biawak,2022-05-01,6864,4819,2045
Biawak,2022-06-01,11212,7232,3980
Biawak,2022-07-01,9173,5651,3522
Biawak,2022-08-01,10158,6156,4002
Biawak,2022-09-01,11496,7152,4344
Biawak,2022-10-01,10413,6311,4102
Biawak,2022-11-01,9318,5573,3745
Biawak,2022-12-01,12312,6424,5888
Biawak,2023-01-01,12244,6860,5384
Biawak,2023-02-01,11778,6623,5155
Biawak,2023-03-01,9719,5414,4305
Biawak,2023-04-01,10626,5496,5130
Biawak,2023-05-01,16249,10761,5488
Biawak,2023-06-01,7418,3823,3595
Biawak,2023-07-01,8681,4618,4063
Biawak,2023-08-01,8031,4358,3673
Biawak,2023-09-01,9653,5208,4445
Biawak,2023-10-01,7871,4457,3414
Biawak,2023-11-01,8904,5196,3708
Bukit Kayu Hitam,2020-01-01,51297,17697,33600
Bukit Kayu Hitam,2020-02-01,41245,13504,27741
Bukit Kayu Hitam,2020-03-01,25526,10131,15395
Bukit Kayu Hitam,2020-04-01,13837,13161,676
Bukit Kayu Hitam,2020-05-01,12920,12107,813
Bukit Kayu Hitam,2020-06-01,11741,10999,742
Bukit Kayu Hitam,2020-07-01,10019,9348,671
Bukit Kayu Hitam,2020-08-01,10339,9527,812
Bukit Kayu Hitam,2020-09-01,9295,8594,701
Bukit Kayu Hitam,2020-10-01,9606,8867,739
Bukit Kayu Hitam,2020-11-01,10592,9806,786
Bukit Kayu Hitam,2020-12-01,14207,13895,312
Bukit Kayu Hitam,2021-01-01,17928,17913,15
Bukit Kayu Hitam,2021-02-01,16131,16088,43
Bukit Kayu Hitam,2021-03-01,19205,19153,52
Bukit Kayu Hitam,2021-04-01,17848,17808,40
Bukit Kayu Hitam,2021-05-01,18424,18381,43
Bukit Kayu Hitam,2021-06-01,16889,16845,44
Bukit Kayu Hitam,2021-07-01,17475,17439,36
Bukit Kayu Hitam,2021-08-01,16343,16303,40
Bukit Kayu Hitam,2021-09-01,18833,18787,46
Bukit Kayu Hitam,2021-10-01,19380,19341,39
Bukit Kayu Hitam,2021-11-01,18313,18253,60
Bukit Kayu Hitam,2021-12-01,18120,18067,53
Bukit Kayu Hitam,2022-01-01,18294,18249,45
Bukit Kayu Hitam,2022-02-01,16549,16497,52
Bukit Kayu Hitam,2022-03-01,19834,19770,64
Bukit Kayu Hitam,2022-04-01,19998,17913,2085
Bukit Kayu Hitam,2022-05-01,29206,21543,7663
Bukit Kayu Hitam,2022-06-01,38847,25872,12975
Bukit Kayu Hitam,2022-07-01,47508,28183,19325
Bukit Kayu Hitam,2022-08-01,40950,27703,13247
Bukit Kayu Hitam,2022-09-01,45310,26461,18849
Bukit Kayu Hitam,2022-10-01,61986,35064,26922
Bukit Kayu Hitam,2022-11-01,60643,35912,24731
Bukit Kayu Hitam,2022-12-01,59771,33779,25992
Bukit Kayu Hitam,2023-01-01,65606,37519,28087
Bukit Kayu Hitam,2023-02-01,63935,37256,26679
Bukit Kayu Hitam,2023-03-01,80393,46390,34003
Bukit Kayu Hitam,2023-04-01,65526,35164,30362
Bukit Kayu Hitam,2023-05-01,71996,39424,32572
Bukit Kayu Hitam,2023-06-01,61832,34273,27559
Bukit Kayu Hitam,2023-07-01,72387,40642,31745
Bukit Kayu Hitam,2023-08-01,65403,37212,28191
Bukit Kayu Hitam,2023-09-01,76050,44801,31249
Bukit Kayu Hitam,2023-10-01,87601,50257,37344
Bukit Kayu Hitam,2023-11-01,73997,43292,30705
Bunan Gega,2020-01-01,28,21,7
Bunan Gega,2020-02-01,29,7,22
Bunan Gega,2020-03-01,6,5,1
Bunan Gega,2020-04-01,0,0,0
Bunan Gega,2020-05-01,0,0,0
Bunan Gega,2020-06-01,0,0,0
Bunan Gega,2020-07-01,0,0,0
Bunan Gega,2020-08-01,0,0,0
Bunan Gega,2020-09-01,0,0,0
Bunan Gega,2020-10-01,0,0,0
Bunan Gega,2020-11-01,0,0,0
Bunan Gega,2020-12-01,0,0,0
Bunan Gega,2021-01-01,0,0,0
Bunan Gega,2021-02-01,0,0,0
Bunan Gega,2021-03-01,0,0,0
Bunan Gega,2021-04-01,0,0,0
Bunan Gega,2021-05-01,0,0,0
Bunan Gega,2021-06-01,0,0,0
Bunan Gega,2021-07-01,0,0,0
Bunan Gega,2021-08-01,0,0,0
Bunan Gega,2021-09-01,0,0,0
Bunan Gega,2021-10-01,0,0,0
Bunan Gega,2021-11-01,0,0,0
Bunan Gega,2021-12-01,0,0,0
Bunan Gega,2022-01-01,0,0,0
Bunan Gega,2022-02-01,0,0,0
Bunan Gega,2022-03-01,0,0,0
Bunan Gega,2022-04-01,0,0,0
Bunan Gega,2022-05-01,0,0,0
Bunan Gega,2022-06-01,0,0,0
Bunan Gega,2022-07-01,0,0,0
Bunan Gega,2022-08-01,0,0,0
Bunan Gega,2022-09-01,0,0,0
Bunan Gega,2022-10-01,0,0,0
Bunan Gega,2022-11-01,0,0,0
Bunan Gega,2022-12-01,0,0,0
Bunan Gega,2023-01-01,0,0,0
Bunan Gega,2023-02-01,0,0,0
Bunan Gega,2023-03-01,0,0,0
Bunan Gega,2023-04-01,0,0,0
Bunan Gega,2023-05-01,0,0,0
Bunan Gega,2023-06-01,0,0,0
Bunan Gega,2023-07-01,0,0,0
Bunan Gega,2023-08-01,0,0,0
Bunan Gega,2023-09-01,0,0,0
Bunan Gega,2023-10-01,0,0,0
Bunan Gega,2023-11-01,0,0,0
Dermaga Bintulu,2020-01-01,1,1,0
Dermaga Bintulu,2020-02-01,9,9,0
Dermaga Bintulu,2020-03-01,0,0,0
Dermaga Bintulu,2020-04-01,0,0,0
Dermaga Bintulu,2020-05-01,0,0,0
Dermaga Bintulu,2020-06-01,0,0,0
Dermaga Bintulu,2020-07-01,0,0,0
Dermaga Bintulu,2020-08-01,0,0,0
Dermaga Bintulu,2020-09-01,3,3,0
Dermaga Bintulu,2020-10-01,0,0,0
Dermaga Bintulu,2020-11-01,0,0,0
Dermaga Bintulu,2020-12-01,0,0,0
Dermaga Bintulu,2021-01-01,0,0,0
Dermaga Bintulu,2021-02-01,0,0,0
Dermaga Bintulu,2021-03-01,0,0,0
Dermaga Bintulu,2021-04-01,0,0,0
Dermaga Bintulu,2021-05-01,0,0,0
Dermaga Bintulu,2021-06-01,0,0,0
Dermaga Bintulu,2021-07-01,0,0,0
Dermaga Bintulu,2021-08-01,0,0,0
Dermaga Bintulu,2021-09-01,0,0,0
Dermaga Bintulu,2021-10-01,0,0,0
Dermaga Bintulu,2021-11-01,0,0,0
Dermaga Bintulu,2021-12-01,0,0,0
Dermaga Bintulu,2022-01-01,0,0,0
Dermaga Bintulu,2022-02-01,0,0,0
Dermaga Bintulu,2022-03-01,0,0,0
Dermaga Bintulu,2022-04-01,0,0,0
Dermaga Bintulu,2022-05-01,0,0,0
Dermaga Bintulu,2022-06-01,2,2,0
Dermaga Bintulu,2022-07-01,0,0,0
Dermaga Bintulu,2022-08-01,0,0,0
Dermaga Bintulu,2022-09-01,0,0,0
Dermaga Bintulu,2022-10-01,5,5,0
Dermaga Bintulu,2022-11-01,0,0,0
Dermaga Bintulu,2022-12-01,2,2,0
Dermaga Bintulu,2023-01-01,1,1,0
Dermaga Bintulu,2023-02-01,1,1,0
Dermaga Bintulu,2023-03-01,0,0,0
Dermaga Bintulu,2023-04-01,0,0,0
Dermaga Bintulu,2023-05-01,2,2,0
Dermaga Bintulu,2023-06-01,2,2,0
Dermaga Bintulu,2023-07-01,1,1,0
Dermaga Bintulu,2023-08-01,1,1,0
Dermaga Bintulu,2023-09-01,0,0,0
Dermaga Bintulu,2023-10-01,0,0,0
Dermaga Bintulu,2023-11-01,0,0,0
Dermaga Kastam Limbang,2020-01-01,0,0,0
Dermaga Kastam Limbang,2020-02-01,4,1,3
Dermaga Kastam Limbang,2020-03-01,3,0,3
Dermaga Kastam Limbang,2020-04-01,0,0,0
Dermaga Kastam Limbang,2020-05-01,0,0,0
Dermaga Kastam Limbang,2020-06-01,0,0,0
Dermaga Kastam Limbang,2020-07-01,0,0,0
Dermaga Kastam Limbang,2020-08-01,0,0,0
Dermaga Kastam Limbang,2020-09-01,0,0,0
Dermaga Kastam Limbang,2020-10-01,0,0,0
Dermaga Kastam Limbang,2020-11-01,0,0,0
Dermaga Kastam Limbang,2020-12-01,0,0,0
Dermaga Kastam Limbang,2021-01-01,0,0,0
Dermaga Kastam Limbang,2021-02-01,0,0,0
Dermaga Kastam Limbang,2021-03-01,0,0,0
Dermaga Kastam Limbang,2021-04-01,0,0,0
Dermaga Kastam Limbang,2021-05-01,0,0,0
Dermaga Kastam Limbang,2021-06-01,0,0,0
Dermaga Kastam Limbang,2021-07-01,0,0,0
Dermaga Kastam Limbang,2021-08-01,0,0,0
Dermaga Kastam Limbang,2021-09-01,0,0,0
Dermaga Kastam Limbang,2021-10-01,0,0,0
Dermaga Kastam Limbang,2021-11-01,0,0,0
Dermaga Kastam Limbang,2021-12-01,0,0,0
Dermaga Kastam Limbang,2022-01-01,0,0,0
Dermaga Kastam Limbang,2022-02-01,0,0,0
Dermaga Kastam Limbang,2022-03-01,0,0,0
Dermaga Kastam Limbang,2022-04-01,0,0,0
Dermaga Kastam Limbang,2022-05-01,0,0,0
Dermaga Kastam Limbang,2022-06-01,0,0,0
Dermaga Kastam Limbang,2022-07-01,0,0,0
Dermaga Kastam Limbang,2022-08-01,0,0,0
Dermaga Kastam Limbang,2022-09-01,0,0,0
Dermaga Kastam Limbang,2022-10-01,1,1,0
Dermaga Kastam Limbang,2022-11-01,7,4,3
Dermaga Kastam Limbang,2022-12-01,0,0,0
Dermaga Kastam Limbang,2023-01-01,0,0,0
Dermaga Kastam Limbang,2023-02-01,0,0,0
Dermaga Kastam Limbang,2023-03-01,0,0,0
Dermaga Kastam Limbang,2023-04-01,0,0,0
Dermaga Kastam Limbang,2023-05-01,1,1,0
Dermaga Kastam Limbang,2023-06-01,3,1,2
Dermaga Kastam Limbang,2023-07-01,1,0,1
Dermaga Kastam Limbang,2023-08-01,0,0,0
Dermaga Kastam Limbang,2023-09-01,1,1,0
Dermaga Kastam Limbang,2023-10-01,6,5,1
Dermaga Kastam Limbang,2023-11-01,0,0,0
Dermaga Kota Kinabalu,2020-01-01,0,0,0
Dermaga Kota Kinabalu,2020-02-01,0,0,0
Dermaga Kota Kinabalu,2020-03-01,0,0,0
Dermaga Kota Kinabalu,2020-04-01,0,0,0
Dermaga Kota Kinabalu,2020-05-01,0,0,0
Dermaga Kota Kinabalu,2020-06-01,0,0,0
Dermaga Kota Kinabalu,2020-07-01,0,0,0
Dermaga Kota Kinabalu,2020-08-01,0,0,0
Dermaga Kota Kinabalu,2020-09-01,0,0,0
Dermaga Kota Kinabalu,2020-10-01,0,0,0
Dermaga Kota Kinabalu,2020-11-01,0,0,0
Dermaga Kota Kinabalu,2020-12-01,0,0,0
Dermaga Kota Kinabalu,2021-01-01,0,0,0
Dermaga Kota Kinabalu,2021-02-01,0,0,0
Dermaga Kota Kinabalu,2021-03-01,0,0,0
Dermaga Kota Kinabalu,2021-04-01,0,0,0
Dermaga Kota Kinabalu,2021-05-01,0,0,0
Dermaga Kota Kinabalu,2021-06-01,0,0,0
Dermaga Kota Kinabalu,2021-07-01,0,0,0
Dermaga Kota Kinabalu,2021-08-01,0,0,0
Dermaga Kota Kinabalu,2021-09-01,0,0,0
Dermaga Kota Kinabalu,2021-10-01,0,0,0
Dermaga Kota Kinabalu,2021-11-01,0,0,0
Dermaga Kota Kinabalu,2021-12-01,1,1,0
Dermaga Kota Kinabalu,2022-01-01,0,0,0
Dermaga Kota Kinabalu,2022-02-01,0,0,0
Dermaga Kota Kinabalu,2022-03-01,0,0,0
Dermaga Kota Kinabalu,2022-04-01,16,12,4
Dermaga Kota Kinabalu,2022-05-01,11,10,1
Dermaga Kota Kinabalu,2022-06-01,4,3,1
Dermaga Kota Kinabalu,2022-07-01,25,18,7
Dermaga Kota Kinabalu,2022-08-01,18,11,7
Dermaga Kota Kinabalu,2022-09-01,4,2,2
Dermaga Kota Kinabalu,2022-10-01,10,6,4
Dermaga Kota Kinabalu,2022-11-01,7,5,2
Dermaga Kota Kinabalu,2022-12-01,6,6,0
Dermaga Kota Kinabalu,2023-01-01,27,8,19
Dermaga Kota Kinabalu,2023-02-01,29,22,7
Dermaga Kota Kinabalu,2023-03-01,16,10,6
Dermaga Kota Kinabalu,2023-04-01,19,13,6
Dermaga Kota Kinabalu,2023-05-01,15,14,1
Dermaga Kota Kinabalu,2023-06-01,10,10,0
Dermaga Kota Kinabalu,2023-07-01,24,20,4
Dermaga Kota Kinabalu,2023-08-01,0,0,0
Dermaga Kota Kinabalu,2023-09-01,1,1,0
Dermaga Kota Kinabalu,2023-10-01,52,38,14
Dermaga Kota Kinabalu,2023-11-01,52,38,14
Dermaga Labuan,2020-01-01,2908,1876,1032
Dermaga Labuan,2020-02-01,1740,1159,581
Dermaga Labuan,2020-03-01,720,484,236
Dermaga Labuan,2020-04-01,0,0,0
Dermaga Labuan,2020-05-01,0,0,0
Dermaga Labuan,2020-06-01,0,0,0
Dermaga Labuan,2020-07-01,0,0,0
Dermaga Labuan,2020-08-01,1,0,1
Dermaga Labuan,2020-09-01,0,0,0
Dermaga Labuan,2020-10-01,0,0,0
Dermaga Labuan,2020-11-01,0,0,0
Dermaga Labuan,2020-12-01,0,0,0
Dermaga Labuan,2021-01-01,0,0,0
Dermaga Labuan,2021-02-01,0,0,0
Dermaga Labuan,2021-03-01,0,0,0
Dermaga Labuan,2021-04-01,0,0,0
Dermaga Labuan,2021-05-01,0,0,0
Dermaga Labuan,2021-06-01,0,0,0
Dermaga Labuan,2021-07-01,0,0,0
Dermaga Labuan,2021-08-01,0,0,0
Dermaga Labuan,2021-09-01,0,0,0
Dermaga Labuan,2021-10-01,0,0,0
Dermaga Labuan,2021-11-01,0,0,0
Dermaga Labuan,2021-12-01,0,0,0
Dermaga Labuan,2022-01-01,0,0,0
Dermaga Labuan,2022-02-01,0,0,0
Dermaga Labuan,2022-03-01,0,0,0
Dermaga Labuan,2022-04-01,8,3,5
Dermaga Labuan,2022-05-01,0,0,0
Dermaga Labuan,2022-06-01,0,0,0
Dermaga Labuan,2022-07-01,2,2,0
Dermaga Labuan,2022-08-01,2,2,0
Dermaga Labuan,2022-09-01,541,405,136
Dermaga Labuan,2022-10-01,916,672,244
Dermaga Labuan,2022-11-01,1024,718,306
Dermaga Labuan,2022-12-01,1657,999,658
Dermaga Labuan,2023-01-01,1473,1036,437
Dermaga Labuan,2023-02-01,1784,1196,588
Dermaga Labuan,2023-03-01,1319,922,397
Dermaga Labuan,2023-04-01,2100,1281,819
Dermaga Labuan,2023-05-01,1573,1003,570
Dermaga Labuan,2023-06-01,1451,968,483
Dermaga Labuan,2023-07-01,1275,895,380
Dermaga Labuan,2023-08-01,2072,1307,765
Dermaga Labuan,2023-09-01,1265,876,389
Dermaga Labuan,2023-10-01,1193,844,349
Dermaga Labuan,2023-11-01,1457,1006,451
Dermaga Sandakan,2020-01-01,902,545,357
Dermaga Sandakan,2020-02-01,780,516,264
Dermaga Sandakan,2020-03-01,411,322,89
Dermaga Sandakan,2020-04-01,0,0,0
Dermaga Sandakan,2020-05-01,0,0,0
Dermaga Sandakan,2020-06-01,0,0,0
Dermaga Sandakan,2020-07-01,20,3,17
Dermaga Sandakan,2020-08-01,0,0,0
Dermaga Sandakan,2020-09-01,0,0,0
Dermaga Sandakan,2020-10-01,0,0,0
Dermaga Sandakan,2020-11-01,0,0,0
Dermaga Sandakan,2020-12-01,0,0,0
Dermaga Sandakan,2021-01-01,0,0,0
Dermaga Sandakan,2021-02-01,0,0,0
Dermaga Sandakan,2021-03-01,0,0,0
Dermaga Sandakan,2021-04-01,0,0,0
Dermaga Sandakan,2021-05-01,0,0,0
Dermaga Sandakan,2021-06-01,0,0,0
Dermaga Sandakan,2021-07-01,0,0,0
Dermaga Sandakan,2021-08-01,0,0,0
Dermaga Sandakan,2021-09-01,0,0,0
Dermaga Sandakan,2021-10-01,0,0,0
Dermaga Sandakan,2021-11-01,0,0,0
Dermaga Sandakan,2021-12-01,0,0,0
Dermaga Sandakan,2022-01-01,0,0,0
Dermaga Sandakan,2022-02-01,0,0,0
Dermaga Sandakan,2022-03-01,0,0,0
Dermaga Sandakan,2022-04-01,0,0,0
Dermaga Sandakan,2022-05-01,0,0,0
Dermaga Sandakan,2022-06-01,0,0,0
Dermaga Sandakan,2022-07-01,0,0,0
Dermaga Sandakan,2022-08-01,8,8,0
Dermaga Sandakan,2022-09-01,324,241,83
Dermaga Sandakan,2022-10-01,219,151,68
Dermaga Sandakan,2022-11-01,319,196,123
Dermaga Sandakan,2022-12-01,418,258,160
Dermaga Sandakan,2023-01-01,318,237,81
Dermaga Sandakan,2023-02-01,465,309,156
Dermaga Sandakan,2023-03-01,411,296,115
Dermaga Sandakan,2023-04-01,214,134,80
Dermaga Sandakan,2023-05-01,210,141,69
Dermaga Sandakan,2023-06-01,129,85,44
Dermaga Sandakan,2023-07-01,258,190,68
Dermaga Sandakan,2023-08-01,241,168,73
Dermaga Sandakan,2023-09-01,258,202,56
Dermaga Sandakan,2023-10-01,137,106,31
Dermaga Sandakan,2023-11-01,282,224,58
Dermaga Tanjung Manis,2020-01-01,0,0,0
Dermaga Tanjung Manis,2020-02-01,0,0,0
Dermaga Tanjung Manis,2020-03-01,0,0,0
Dermaga Tanjung Manis,2020-04-01,0,0,0
Dermaga Tanjung Manis,2020-05-01,0,0,0
Dermaga Tanjung Manis,2020-06-01,0,0,0
Dermaga Tanjung Manis,2020-07-01,0,0,0
Dermaga Tanjung Manis,2020-08-01,0,0,0
Dermaga Tanjung Manis,2020-09-01,0,0,0
Dermaga Tanjung Manis,2020-10-01,0,0,0
Dermaga Tanjung Manis,2020-11-01,0,0,0
Dermaga Tanjung Manis,2020-12-01,0,0,0
Dermaga Tanjung Manis,2021-01-01,0,0,0
Dermaga Tanjung Manis,2021-02-01,0,0,0
Dermaga Tanjung Manis,2021-03-01,0,0,0
Dermaga Tanjung Manis,2021-04-01,0,0,0
Dermaga Tanjung Manis,2021-05-01,0,0,0
Dermaga Tanjung Manis,2021-06-01,0,0,0
Dermaga Tanjung Manis,2021-07-01,0,0,0
Dermaga Tanjung Manis,2021-08-01,0,0,0
Dermaga Tanjung Manis,2021-09-01,0,0,0
Dermaga Tanjung Manis,2021-10-01,0,0,0
Dermaga Tanjung Manis,2021-11-01,0,0,0
Dermaga Tanjung Manis,2021-12-01,0,0,0
Dermaga Tanjung Manis,2022-01-01,0,0,0
Dermaga Tanjung Manis,2022-02-01,0,0,0
Dermaga Tanjung Manis,2022-03-01,0,0,0
Dermaga Tanjung Manis,2022-04-01,0,0,0
Dermaga Tanjung Manis,2022-05-01,0,0,0
Dermaga Tanjung Manis,2022-06-01,0,0,0
Dermaga Tanjung Manis,2022-07-01,0,0,0
Dermaga Tanjung Manis,2022-08-01,0,0,0
Dermaga Tanjung Manis,2022-09-01,0,0,0
Dermaga Tanjung Manis,2022-10-01,0,0,0
Dermaga Tanjung Manis,2022-11-01,0,0,0
Dermaga Tanjung Manis,2022-12-01,0,0,0
Dermaga Tanjung Manis,2023-01-01,0,0,0
Dermaga Tanjung Manis,2023-02-01,1,1,0
Dermaga Tanjung Manis,2023-03-01,0,0,0
Dermaga Tanjung Manis,2023-04-01,0,0,0
Dermaga Tanjung Manis,2023-05-01,1,1,0
Dermaga Tanjung Manis,2023-06-01,0,0,0
Dermaga Tanjung Manis,2023-07-01,0,0,0
Dermaga Tanjung Manis,2023-08-01,0,0,0
Dermaga Tanjung Manis,2023-09-01,0,0,0
Dermaga Tanjung Manis,2023-10-01,0,0,0
Dermaga Tanjung Manis,2023-11-01,0,0,0
Dermaga Tawau,2020-01-01,4607,2422,2185
Dermaga Tawau,2020-02-01,4087,2289,1798
Dermaga Tawau,2020-03-01,2840,1498,1342
Dermaga Tawau,2020-04-01,18,2,16
Dermaga Tawau,2020-05-01,7,1,6
Dermaga Tawau,2020-06-01,28,5,23
Dermaga Tawau,2020-07-01,52,19,33
Dermaga Tawau,2020-08-01,5,1,4
Dermaga Tawau,2020-09-01,6,2,4
Dermaga Tawau,2020-10-01,1,1,0
Dermaga Tawau,2020-11-01,0,0,0
Dermaga Tawau,2020-12-01,0,0,0
Dermaga Tawau,2021-01-01,0,0,0
Dermaga Tawau,2021-02-01,0,0,0
Dermaga Tawau,2021-03-01,0,0,0
Dermaga Tawau,2021-04-01,0,0,0
Dermaga Tawau,2021-05-01,0,0,0
Dermaga Tawau,2021-06-01,0,0,0
Dermaga Tawau,2021-07-01,0,0,0
Dermaga Tawau,2021-08-01,0,0,0
Dermaga Tawau,2021-09-01,0,0,0
Dermaga Tawau,2021-10-01,0,0,0
Dermaga Tawau,2021-11-01,0,0,0
Dermaga Tawau,2021-12-01,0,0,0
Dermaga Tawau,2022-01-01,0,0,0
Dermaga Tawau,2022-02-01,0,0,0
Dermaga Tawau,2022-03-01,0,0,0
Dermaga Tawau,2022-04-01,939,509,430
Dermaga Tawau,2022-05-01,1947,934,1013
Dermaga Tawau,2022-06-01,3025,1446,1579
Dermaga Tawau,2022-07-01,3855,1851,2004
Dermaga Tawau,2022-08-01,3685,1857,1828
Dermaga Tawau,2022-09-01,3613,1780,1833
Dermaga Tawau,2022-10-01,3310,1655,1655
Dermaga Tawau,2022-11-01,3453,1781,1672
Dermaga Tawau,2022-12-01,5404,2466,2938
Dermaga Tawau,2023-01-01,5186,2626,2560
Dermaga Tawau,2023-02-01,4357,2091,2266
Dermaga Tawau,2023-03-01,4747,2373,2374
Dermaga Tawau,2023-04-01,4373,2167,2206
Dermaga Tawau,2023-05-01,5867,3102,2765
Dermaga Tawau,2023-06-01,4754,2268,2486
Dermaga Tawau,2023-07-01,4703,2247,2456
Dermaga Tawau,2023-08-01,4443,2140,2303
Dermaga Tawau,2023-09-01,4199,2038,2161
Dermaga Tawau,2023-10-01,3987,2072,1915
Dermaga Tawau,2023-11-01,4559,2251,2308
Gelang Patah,2020-01-01,484249,254400,229849
Gelang Patah,2020-02-01,254301,150190,104111
Gelang Patah,2020-03-01,150049,89501,60548
Gelang Patah,2020-04-01,13,11,2
Gelang Patah,2020-05-01,10,9,1
Gelang Patah,2020-06-01,23,21,2
Gelang Patah,2020-07-01,36,23,13
Gelang Patah,2020-08-01,49,44,5
Gelang Patah,2020-09-01,118,103,15
Gelang Patah,2020-10-01,168,151,17
Gelang Patah,2020-11-01,131,108,23
Gelang Patah,2020-12-01,55,44,11
Gelang Patah,2021-01-01,50,41,9
Gelang Patah,2021-02-01,39,32,7
Gelang Patah,2021-03-01,28,26,2
Gelang Patah,2021-04-01,27,25,2
Gelang Patah,2021-05-01,3,3,0
Gelang Patah,2021-06-01,5,4,1
Gelang Patah,2021-07-01,1,0,1
Gelang Patah,2021-08-01,3,3,0
Gelang Patah,2021-09-01,11,7,4
Gelang Patah,2021-10-01,12,12,0
Gelang Patah,2021-11-01,31,19,12
Gelang Patah,2021-12-01,32,17,15
Gelang Patah,2022-01-01,50,26,24
Gelang Patah,2022-02-01,38,25,13
Gelang Patah,2022-03-01,156,133,23
Gelang Patah,2022-04-01,115482,69061,46421
Gelang Patah,2022-05-01,199658,117592,82066
Gelang Patah,2022-06-01,340263,190598,149665
Gelang Patah,2022-07-01,341449,191992,149457
Gelang Patah,2022-08-01,321970,183758,138212
Gelang Patah,2022-09-01,377271,208748,168523
Gelang Patah,2022-10-01,372708,206273,166435
Gelang Patah,2022-11-01,352121,194220,157901
Gelang Patah,2022-12-01,439975,231680,208295
Gelang Patah,2023-01-01,353992,192788,161204
Gelang Patah,2023-02-01,297224,166196,131028
Gelang Patah,2023-03-01,385178,211303,173875
Gelang Patah,2023-04-01,351695,193840,157855
Gelang Patah,2023-05-01,372984,206521,166463
Gelang Patah,2023-06-01,502214,265274,236940
Gelang Patah,2023-07-01,461615,248063,213552
Gelang Patah,2023-08-01,416375,228182,188193
Gelang Patah,2023-09-01,456610,247212,209398
Gelang Patah,2023-10-01,424513,231921,192592
Gelang Patah,2023-11-01,473104,255283,217821
ICQ Durian Burung,2020-01-01,7248,4088,3160
ICQ Durian Burung,2020-02-01,6228,3502,2726
ICQ Durian Burung,2020-03-01,3863,2208,1655
ICQ Durian Burung,2020-04-01,0,0,0
ICQ Durian Burung,2020-05-01,0,0,0
ICQ Durian Burung,2020-06-01,0,0,0
ICQ Durian Burung,2020-07-01,0,0,0
ICQ Durian Burung,2020-08-01,0,0,0
ICQ Durian Burung,2020-09-01,0,0,0
ICQ Durian Burung,2020-10-01,0,0,0
ICQ Durian Burung,2020-11-01,0,0,0
ICQ Durian Burung,2020-12-01,0,0,0
ICQ Durian Burung,2021-01-01,0,0,0
ICQ Durian Burung,2021-02-01,0,0,0
ICQ Durian Burung,2021-03-01,0,0,0
ICQ Durian Burung,2021-04-01,0,0,0
ICQ Durian Burung,2021-05-01,0,0,0
ICQ Durian Burung,2021-06-01,0,0,0
ICQ Durian Burung,2021-07-01,0,0,0
ICQ Durian Burung,2021-08-01,0,0,0
ICQ Durian Burung,2021-09-01,0,0,0
ICQ Durian Burung,2021-10-01,0,0,0
ICQ Durian Burung,2021-11-01,0,0,0
ICQ Durian Burung,2021-12-01,0,0,0
ICQ Durian Burung,2022-01-01,0,0,0
ICQ Durian Burung,2022-02-01,0,0,0
ICQ Durian Burung,2022-03-01,0,0,0
ICQ Durian Burung,2022-04-01,0,0,0
ICQ Durian Burung,2022-05-01,133,62,71
ICQ Durian Burung,2022-06-01,580,282,298
ICQ Durian Burung,2022-07-01,1992,1036,956
ICQ Durian Burung,2022-08-01,3619,1991,1628
ICQ Durian Burung,2022-09-01,3974,2283,1691
ICQ Durian Burung,2022-10-01,6272,3507,2765
ICQ Durian Burung,2022-11-01,4620,2744,1876
ICQ Durian Burung,2022-12-01,5659,3394,2265
ICQ Durian Burung,2023-01-01,5677,3374,2303
ICQ Durian Burung,2023-02-01,5481,3158,2323
ICQ Durian Burung,2023-03-01,6550,3764,2786
ICQ Durian Burung,2023-04-01,4897,2744,2153
ICQ Durian Burung,2023-05-01,5188,2892,2296
ICQ Durian Burung,2023-06-01,2112,1167,945
ICQ Durian Burung,2023-07-01,694,404,290
ICQ Durian Burung,2023-08-01,194,99,95
ICQ Durian Burung,2023-09-01,61,34,27
ICQ Durian Burung,2023-10-01,259,123,136
ICQ Durian Burung,2023-11-01,431,242,189
ICQS Kudat,2020-01-01,15,10,5
ICQS Kudat,2020-02-01,25,19,6
ICQS Kudat,2020-03-01,5,4,1
ICQS Kudat,2020-04-01,0,0,0
ICQS Kudat,2020-05-01,0,0,0
ICQS Kudat,2020-06-01,0,0,0
ICQS Kudat,2020-07-01,0,0,0
ICQS Kudat,2020-08-01,0,0,0
ICQS Kudat,2020-09-01,0,0,0
ICQS Kudat,2020-10-01,0,0,0
ICQS Kudat,2020-11-01,0,0,0
ICQS Kudat,2020-12-01,0,0,0
ICQS Kudat,2021-01-01,0,0,0
ICQS Kudat,2021-02-01,0,0,0
ICQS Kudat,2021-03-01,0,0,0
ICQS Kudat,2021-04-01,0,0,0
ICQS Kudat,2021-05-01,0,0,0
ICQS Kudat,2021-06-01,0,0,0
ICQS Kudat,2021-07-01,0,0,0
ICQS Kudat,2021-08-01,0,0,0
ICQS Kudat,2021-09-01,0,0,0
ICQS Kudat,2021-10-01,0,0,0
ICQS Kudat,2021-11-01,0,0,0
ICQS Kudat,2021-12-01,0,0,0
ICQS Kudat,2022-01-01,0,0,0
ICQS Kudat,2022-02-01,0,0,0
ICQS Kudat,2022-03-01,0,0,0
ICQS Kudat,2022-04-01,0,0,0
ICQS Kudat,2022-05-01,0,0,0
ICQS Kudat,2022-06-01,0,0,0
ICQS Kudat,2022-07-01,5,3,2
ICQS Kudat,2022-08-01,3,2,1
ICQS Kudat,2022-09-01,13,10,3
ICQS Kudat,2022-10-01,0,0,0
ICQS Kudat,2022-11-01,6,3,3
ICQS Kudat,2022-12-01,0,0,0
ICQS Kudat,2023-01-01,5,2,3
ICQS Kudat,2023-02-01,5,4,1
ICQS Kudat,2023-03-01,16,8,8
ICQS Kudat,2023-04-01,16,8,8
ICQS Kudat,2023-05-01,3,2,1
ICQS Kudat,2023-06-01,6,3,3
ICQS Kudat,2023-07-01,18,13,5
ICQS Kudat,2023-08-01,10,9,1
ICQS Kudat,2023-09-01,0,0,0
ICQS Kudat,2023-10-01,4,3,1
ICQS Kudat,2023-11-01,16,11,5
Jeti Kuah Langkawi,2020-01-01,7868,4318,3550
Jeti Kuah Langkawi,2020-02-01,7268,3922,3346
Jeti Kuah Langkawi,2020-03-01,2918,1705,1213
Jeti Kuah Langkawi,2020-04-01,0,0,0
Jeti Kuah Langkawi,2020-05-01,4,2,2
Jeti Kuah Langkawi,2020-06-01,0,0,0
Jeti Kuah Langkawi,2020-07-01,0,0,0
Jeti Kuah Langkawi,2020-08-01,0,0,0
Jeti Kuah Langkawi,2020-09-01,0,0,0
Jeti Kuah Langkawi,2020-10-01,0,0,0
Jeti Kuah Langkawi,2020-11-01,0,0,0
Jeti Kuah Langkawi,2020-12-01,0,0,0
Jeti Kuah Langkawi,2021-01-01,0,0,0
Jeti Kuah Langkawi,2021-02-01,0,0,0
Jeti Kuah Langkawi,2021-03-01,0,0,0
Jeti Kuah Langkawi,2021-04-01,3,3,0
Jeti Kuah Langkawi,2021-05-01,0,0,0
Jeti Kuah Langkawi,2021-06-01,2,1,1
Jeti Kuah Langkawi,2021-07-01,3,1,2
Jeti Kuah Langkawi,2021-08-01,0,0,0
Jeti Kuah Langkawi,2021-09-01,0,0,0
Jeti Kuah Langkawi,2021-10-01,3,1,2
Jeti Kuah Langkawi,2021-11-01,5,4,1
Jeti Kuah Langkawi,2021-12-01,0,0,0
Jeti Kuah Langkawi,2022-01-01,2,1,1
Jeti Kuah Langkawi,2022-02-01,0,0,0
Jeti Kuah Langkawi,2022-03-01,0,0,0
Jeti Kuah Langkawi,2022-04-01,37,26,11
Jeti Kuah Langkawi,2022-05-01,38,32,6
Jeti Kuah Langkawi,2022-06-01,52,38,14
Jeti Kuah Langkawi,2022-07-01,86,69,17
Jeti Kuah Langkawi,2022-08-01,82,50,32
Jeti Kuah Langkawi,2022-09-01,127,88,39
Jeti Kuah Langkawi,2022-10-01,3084,1560,1524
Jeti Kuah Langkawi,2022-11-01,2564,1450,1114
Jeti Kuah Langkawi,2022-12-01,2992,1485,1507
Jeti Kuah Langkawi,2023-01-01,4250,2250,2000
Jeti Kuah Langkawi,2023-02-01,4385,2227,2158
Jeti Kuah Langkawi,2023-03-01,4523,2096,2427
Jeti Kuah Langkawi,2023-04-01,4878,2367,2511
Jeti Kuah Langkawi,2023-05-01,4042,1903,2139
Jeti Kuah Langkawi,2023-06-01,1608,711,897
Jeti Kuah Langkawi,2023-07-01,2449,1193,1256
Jeti Kuah Langkawi,2023-08-01,2023,890,1133
Jeti Kuah Langkawi,2023-09-01,1676,748,928
Jeti Kuah Langkawi,2023-10-01,2515,1108,1407
Jeti Kuah Langkawi,2023-11-01,4260,2064,2196
Jeti Kuala Perlis,2020-01-01,203,133,70
Jeti Kuala Perlis,2020-02-01,252,155,97
Jeti Kuala Perlis,2020-03-01,138,64,74
Jeti Kuala Perlis,2020-04-01,0,0,0
Jeti Kuala Perlis,2020-05-01,0,0,0
Jeti Kuala Perlis,2020-06-01,1,0,1
Jeti Kuala Perlis,2020-07-01,0,0,0
Jeti Kuala Perlis,2020-08-01,0,0,0
Jeti Kuala Perlis,2020-09-01,0,0,0
Jeti Kuala Perlis,2020-10-01,22,22,0
Jeti Kuala Perlis,2020-11-01,0,0,0
Jeti Kuala Perlis,2020-12-01,0,0,0
Jeti Kuala Perlis,2021-01-01,0,0,0
Jeti Kuala Perlis,2021-02-01,0,0,0
Jeti Kuala Perlis,2021-03-01,0,0,0
Jeti Kuala Perlis,2021-04-01,0,0,0
Jeti Kuala Perlis,2021-05-01,0,0,0
Jeti Kuala Perlis,2021-06-01,0,0,0
Jeti Kuala Perlis,2021-07-01,0,0,0
Jeti Kuala Perlis,2021-08-01,0,0,0
Jeti Kuala Perlis,2021-09-01,0,0,0
Jeti Kuala Perlis,2021-10-01,0,0,0
Jeti Kuala Perlis,2021-11-01,0,0,0
Jeti Kuala Perlis,2021-12-01,0,0,0
Jeti Kuala Perlis,2022-01-01,0,0,0
Jeti Kuala Perlis,2022-02-01,0,0,0
Jeti Kuala Perlis,2022-03-01,0,0,0
Jeti Kuala Perlis,2022-04-01,0,0,0
Jeti Kuala Perlis,2022-05-01,0,0,0
Jeti Kuala Perlis,2022-06-01,0,0,0
Jeti Kuala Perlis,2022-07-01,0,0,0
Jeti Kuala Perlis,2022-08-01,0,0,0
Jeti Kuala Perlis,2022-09-01,0,0,0
Jeti Kuala Perlis,2022-10-01,0,0,0
Jeti Kuala Perlis,2022-11-01,0,0,0
Jeti Kuala Perlis,2022-12-01,0,0,0
Jeti Kuala Perlis,2023-01-01,0,0,0
Jeti Kuala Perlis,2023-02-01,4,4,0
Jeti Kuala Perlis,2023-03-01,0,0,0
Jeti Kuala Perlis,2023-04-01,0,0,0
Jeti Kuala Perlis,2023-05-01,0,0,0
Jeti Kuala Perlis,2023-06-01,0,0,0
Jeti Kuala Perlis,2023-07-01,0,0,0
Jeti Kuala Perlis,2023-08-01,0,0,0
Jeti Kuala Perlis,2023-09-01,0,0,0
Jeti Kuala Perlis,2023-10-01,0,0,0
Jeti Kuala Perlis,2023-11-01,0,0,0
Jeti Kukup,2020-01-01,13505,10873,2632
Jeti Kukup,2020-02-01,14650,12080,2570
Jeti Kukup,2020-03-01,9255,7616,1639
Jeti Kukup,2020-04-01,25,22,3
Jeti Kukup,2020-05-01,22,21,1
Jeti Kukup,2020-06-01,23,23,0
Jeti Kukup,2020-07-01,25,25,0
Jeti Kukup,2020-08-01,26,26,0
Jeti Kukup,2020-09-01,26,26,0
Jeti Kukup,2020-10-01,23,23,0
Jeti Kukup,2020-11-01,23,23,0
Jeti Kukup,2020-12-01,25,25,0
Jeti Kukup,2021-01-01,25,25,0
Jeti Kukup,2021-02-01,25,25,0
Jeti Kukup,2021-03-01,26,26,0
Jeti Kukup,2021-04-01,25,25,0
Jeti Kukup,2021-05-01,19,19,0
Jeti Kukup,2021-06-01,22,22,0
Jeti Kukup,2021-07-01,22,22,0
Jeti Kukup,2021-08-01,23,23,0
Jeti Kukup,2021-09-01,22,22,0
Jeti Kukup,2021-10-01,23,23,0
Jeti Kukup,2021-11-01,24,24,0
Jeti Kukup,2021-12-01,23,23,0
Jeti Kukup,2022-01-01,23,23,0
Jeti Kukup,2022-02-01,24,24,0
Jeti Kukup,2022-03-01,24,24,0
Jeti Kukup,2022-04-01,17,17,0
Jeti Kukup,2022-05-01,1568,1234,334
Jeti Kukup,2022-06-01,6197,5005,1192
Jeti Kukup,2022-07-01,8570,7022,1548
Jeti Kukup,2022-08-01,9879,8407,1472
Jeti Kukup,2022-09-01,10900,9196,1704
Jeti Kukup,2022-10-01,12680,10718,1962
Jeti Kukup,2022-11-01,11960,10084,1876
Jeti Kukup,2022-12-01,12045,9826,2219
Jeti Kukup,2023-01-01,12787,10681,2106
Jeti Kukup,2023-02-01,11994,10071,1923
Jeti Kukup,2023-03-01,13681,11576,2105
Jeti Kukup,2023-04-01,4611,3311,1300
Jeti Kukup,2023-05-01,10540,8854,1686
Jeti Kukup,2023-06-01,4749,3681,1068
Jeti Kukup,2023-07-01,3544,2658,886
Jeti Kukup,2023-08-01,3988,3239,749
Jeti Kukup,2023-09-01,5994,4879,1115
Jeti Kukup,2023-10-01,6644,5407,1237
Jeti Kukup,2023-11-01,7212,5847,1365
Jeti Menumbok,2020-01-01,0,0,0
Jeti Menumbok,2020-02-01,0,0,0
Jeti Menumbok,2020-03-01,0,0,0
Jeti Menumbok,2020-04-01,0,0,0
Jeti Menumbok,2020-05-01,0,0,0
Jeti Menumbok,2020-06-01,0,0,0
Jeti Menumbok,2020-07-01,0,0,0
Jeti Menumbok,2020-08-01,0,0,0
Jeti Menumbok,2020-09-01,0,0,0
Jeti Menumbok,2020-10-01,0,0,0
Jeti Menumbok,2020-11-01,0,0,0
Jeti Menumbok,2020-12-01,0,0,0
Jeti Menumbok,2021-01-01,0,0,0
Jeti Menumbok,2021-02-01,0,0,0
Jeti Menumbok,2021-03-01,0,0,0
Jeti Menumbok,2021-04-01,0,0,0
Jeti Menumbok,2021-05-01,0,0,0
Jeti Menumbok,2021-06-01,0,0,0
Jeti Menumbok,2021-07-01,0,0,0
Jeti Menumbok,2021-08-01,0,0,0
Jeti Menumbok,2021-09-01,0,0,0
Jeti Menumbok,2021-10-01,0,0,0
Jeti Menumbok,2021-11-01,0,0,0
Jeti Menumbok,2021-12-01,0,0,0
Jeti Menumbok,2022-01-01,0,0,0
Jeti Menumbok,2022-02-01,0,0,0
Jeti Menumbok,2022-03-01,0,0,0
Jeti Menumbok,2022-04-01,0,0,0
Jeti Menumbok,2022-05-01,0,0,0
Jeti Menumbok,2022-06-01,0,0,0
Jeti Menumbok,2022-07-01,0,0,0
Jeti Menumbok,2022-08-01,0,0,0
Jeti Menumbok,2022-09-01,0,0,0
Jeti Menumbok,2022-10-01,0,0,0
Jeti Menumbok,2022-11-01,0,0,0
Jeti Menumbok,2022-12-01,2,1,1
Jeti Menumbok,2023-01-01,0,0,0
Jeti Menumbok,2023-02-01,0,0,0
Jeti Menumbok,2023-03-01,0,0,0
Jeti Menumbok,2023-04-01,0,0,0
Jeti Menumbok,2023-05-01,0,0,0
Jeti Menumbok,2023-06-01,0,0,0
Jeti Menumbok,2023-07-01,2,1,1
Jeti Menumbok,2023-08-01,0,0,0
Jeti Menumbok,2023-09-01,0,0,0
Jeti Menumbok,2023-10-01,0,0,0
Jeti Menumbok,2023-11-01,0,0,0
Jeti Pasir Gudang,2020-01-01,19241,11793,7448
Jeti Pasir Gudang,2020-02-01,17678,11016,6662
Jeti Pasir Gudang,2020-03-01,11165,6859,4306
Jeti Pasir Gudang,2020-04-01,34,21,13
Jeti Pasir Gudang,2020-05-01,0,0,0
Jeti Pasir Gudang,2020-06-01,7,4,3
Jeti Pasir Gudang,2020-07-01,10,5,5
Jeti Pasir Gudang,2020-08-01,5,2,3
Jeti Pasir Gudang,2020-09-01,42,29,13
Jeti Pasir Gudang,2020-10-01,1,0,1
Jeti Pasir Gudang,2020-11-01,19,8,11
Jeti Pasir Gudang,2020-12-01,18,7,11
Jeti Pasir Gudang,2021-01-01,19,6,13
Jeti Pasir Gudang,2021-02-01,18,13,5
Jeti Pasir Gudang,2021-03-01,75,43,32
Jeti Pasir Gudang,2021-04-01,38,24,14
Jeti Pasir Gudang,2021-05-01,26,18,8
Jeti Pasir Gudang,2021-06-01,12,9,3
Jeti Pasir Gudang,2021-07-01,5,4,1
Jeti Pasir Gudang,2021-08-01,9,7,2
Jeti Pasir Gudang,2021-09-01,12,8,4
Jeti Pasir Gudang,2021-10-01,20,12,8
Jeti Pasir Gudang,2021-11-01,37,18,19
Jeti Pasir Gudang,2021-12-01,145,43,102
Jeti Pasir Gudang,2022-01-01,796,135,661
Jeti Pasir Gudang,2022-02-01,364,101,263
Jeti Pasir Gudang,2022-03-01,235,150,85
Jeti Pasir Gudang,2022-04-01,3863,1524,2339
Jeti Pasir Gudang,2022-05-01,6866,3957,2909
Jeti Pasir Gudang,2022-06-01,12491,7635,4856
Jeti Pasir Gudang,2022-07-01,13140,7974,5166
Jeti Pasir Gudang,2022-08-01,13982,9017,4965
Jeti Pasir Gudang,2022-09-01,17222,10966,6256
Jeti Pasir Gudang,2022-10-01,13589,8611,4978
Jeti Pasir Gudang,2022-11-01,14023,8884,5139
Jeti Pasir Gudang,2022-12-01,8816,5397,3419
Jeti Pasir Gudang,2023-01-01,9252,5733,3519
Jeti Pasir Gudang,2023-02-01,7295,4377,2918
Jeti Pasir Gudang,2023-03-01,8974,5339,3635
Jeti Pasir Gudang,2023-04-01,5703,3110,2593
Jeti Pasir Gudang,2023-05-01,7650,4677,2973
Jeti Pasir Gudang,2023-06-01,7486,4504,2982
Jeti Pasir Gudang,2023-07-01,9295,5871,3424
Jeti Pasir Gudang,2023-08-01,5650,3332,2318
Jeti Pasir Gudang,2023-09-01,5067,2762,2305
Jeti Pasir Gudang,2023-10-01,5927,3274,2653
Jeti Pasir Gudang,2023-11-01,6128,3383,2745
Jeti Port Dickson,2020-01-01,3398,2184,1214
Jeti Port Dickson,2020-02-01,3259,2150,1109
Jeti Port Dickson,2020-03-01,1694,1141,553
Jeti Port Dickson,2020-04-01,1,1,0
Jeti Port Dickson,2020-05-01,0,0,0
Jeti Port Dickson,2020-06-01,0,0,0
Jeti Port Dickson,2020-07-01,0,0,0
Jeti Port Dickson,2020-08-01,0,0,0
Jeti Port Dickson,2020-09-01,0,0,0
Jeti Port Dickson,2020-10-01,0,0,0
Jeti Port Dickson,2020-11-01,0,0,0
Jeti Port Dickson,2020-12-01,0,0,0
Jeti Port Dickson,2021-01-01,0,0,0
Jeti Port Dickson,2021-02-01,0,0,0
Jeti Port Dickson,2021-03-01,0,0,0
Jeti Port Dickson,2021-04-01,0,0,0
Jeti Port Dickson,2021-05-01,0,0,0
Jeti Port Dickson,2021-06-01,0,0,0
Jeti Port Dickson,2021-07-01,0,0,0
Jeti Port Dickson,2021-08-01,0,0,0
Jeti Port Dickson,2021-09-01,0,0,0
Jeti Port Dickson,2021-10-01,0,0,0
Jeti Port Dickson,2021-11-01,0,0,0
Jeti Port Dickson,2021-12-01,0,0,0
Jeti Port Dickson,2022-01-01,0,0,0
Jeti Port Dickson,2022-02-01,0,0,0
Jeti Port Dickson,2022-03-01,0,0,0
Jeti Port Dickson,2022-04-01,6,5,1
Jeti Port Dickson,2022-05-01,2778,1806,972
Jeti Port Dickson,2022-06-01,5760,4021,1739
Jeti Port Dickson,2022-07-01,6090,4057,2033
Jeti Port Dickson,2022-08-01,7508,5244,2264
Jeti Port Dickson,2022-09-01,6848,4706,2142
Jeti Port Dickson,2022-10-01,7422,5074,2348
Jeti Port Dickson,2022-11-01,6805,4590,2215
Jeti Port Dickson,2022-12-01,7009,4512,2497
Jeti Port Dickson,2023-01-01,8081,5576,2505
Jeti Port Dickson,2023-02-01,9828,6595,3233
Jeti Port Dickson,2023-03-01,8450,5520,2930
Jeti Port Dickson,2023-04-01,4340,2174,2166
Jeti Port Dickson,2023-05-01,14303,10163,4140
Jeti Port Dickson,2023-06-01,5034,3303,1731
Jeti Port Dickson,2023-07-01,6499,4501,1998
Jeti Port Dickson,2023-08-01,7275,4710,2565
Jeti Port Dickson,2023-09-01,6045,3875,2170
Jeti Port Dickson,2023-10-01,5098,3048,2050
Jeti Port Dickson,2023-11-01,5535,3388,2147
Jeti Tioman,2020-01-01,4,2,2
Jeti Tioman,2020-02-01,10,8,2
Jeti Tioman,2020-03-01,3,3,0
Jeti Tioman,2020-04-01,0,0,0
Jeti Tioman,2020-05-01,0,0,0
Jeti Tioman,2020-06-01,0,0,0
Jeti Tioman,2020-07-01,0,0,0
Jeti Tioman,2020-08-01,0,0,0
Jeti Tioman,2020-09-01,1,1,0
Jeti Tioman,2020-10-01,0,0,0
Jeti Tioman,2020-11-01,0,0,0
Jeti Tioman,2020-12-01,0,0,0
Jeti Tioman,2021-01-01,0,0,0
Jeti Tioman,2021-02-01,0,0,0
Jeti Tioman,2021-03-01,0,0,0
Jeti Tioman,2021-04-01,0,0,0
Jeti Tioman,2021-05-01,0,0,0
Jeti Tioman,2021-06-01,0,0,0
Jeti Tioman,2021-07-01,0,0,0
Jeti Tioman,2021-08-01,0,0,0
Jeti Tioman,2021-09-01,0,0,0
Jeti Tioman,2021-10-01,0,0,0
Jeti Tioman,2021-11-01,0,0,0
Jeti Tioman,2021-12-01,0,0,0
Jeti Tioman,2022-01-01,0,0,0
Jeti Tioman,2022-02-01,0,0,0
Jeti Tioman,2022-03-01,0,0,0
Jeti Tioman,2022-04-01,41,31,10
Jeti Tioman,2022-05-01,91,72,19
Jeti Tioman,2022-06-01,45,35,10
Jeti Tioman,2022-07-01,83,65,18
Jeti Tioman,2022-08-01,190,141,49
Jeti Tioman,2022-09-01,226,158,68
Jeti Tioman,2022-10-01,129,91,38
Jeti Tioman,2022-11-01,5,4,1
Jeti Tioman,2022-12-01,0,0,0
Jeti Tioman,2023-01-01,0,0,0
Jeti Tioman,2023-02-01,2,1,1
Jeti Tioman,2023-03-01,3,2,1
Jeti Tioman,2023-04-01,218,148,70
Jeti Tioman,2023-05-01,151,112,39
Jeti Tioman,2023-06-01,184,126,58
Jeti Tioman,2023-07-01,73,57,16
Jeti Tioman,2023-08-01,108,73,35
Jeti Tioman,2023-09-01,149,103,46
Jeti Tioman,2023-10-01,143,110,33
Jeti Tioman,2023-11-01,47,31,16
Kawasan Pelabuhan Sematan,2020-01-01,92,70,22
Kawasan Pelabuhan Sematan,2020-02-01,64,56,8
Kawasan Pelabuhan Sematan,2020-03-01,48,42,6
Kawasan Pelabuhan Sematan,2020-04-01,0,0,0
Kawasan Pelabuhan Sematan,2020-05-01,0,0,0
Kawasan Pelabuhan Sematan,2020-06-01,2,2,0
Kawasan Pelabuhan Sematan,2020-07-01,1,1,0
Kawasan Pelabuhan Sematan,2020-08-01,0,0,0
Kawasan Pelabuhan Sematan,2020-09-01,0,0,0
Kawasan Pelabuhan Sematan,2020-10-01,1,1,0
Kawasan Pelabuhan Sematan,2020-11-01,0,0,0
Kawasan Pelabuhan Sematan,2020-12-01,0,0,0
Kawasan Pelabuhan Sematan,2021-01-01,0,0,0
Kawasan Pelabuhan Sematan,2021-02-01,0,0,0
Kawasan Pelabuhan Sematan,2021-03-01,0,0,0
Kawasan Pelabuhan Sematan,2021-04-01,0,0,0
Kawasan Pelabuhan Sematan,2021-05-01,0,0,0
Kawasan Pelabuhan Sematan,2021-06-01,0,0,0
Kawasan Pelabuhan Sematan,2021-07-01,0,0,0
Kawasan Pelabuhan Sematan,2021-08-01,0,0,0
Kawasan Pelabuhan Sematan,2021-09-01,0,0,0
Kawasan Pelabuhan Sematan,2021-10-01,0,0,0
Kawasan Pelabuhan Sematan,2021-11-01,0,0,0
Kawasan Pelabuhan Sematan,2021-12-01,0,0,0
Kawasan Pelabuhan Sematan,2022-01-01,0,0,0
Kawasan Pelabuhan Sematan,2022-02-01,0,0,0
Kawasan Pelabuhan Sematan,2022-03-01,0,0,0
Kawasan Pelabuhan Sematan,2022-04-01,0,0,0
Kawasan Pelabuhan Sematan,2022-05-01,0,0,0
Kawasan Pelabuhan Sematan,2022-06-01,0,0,0
Kawasan Pelabuhan Sematan,2022-07-01,0,0,0
Kawasan Pelabuhan Sematan,2022-08-01,0,0,0
Kawasan Pelabuhan Sematan,2022-09-01,0,0,0
Kawasan Pelabuhan Sematan,2022-10-01,0,0,0
Kawasan Pelabuhan Sematan,2022-11-01,0,0,0
Kawasan Pelabuhan Sematan,2022-12-01,2,2,0
Kawasan Pelabuhan Sematan,2023-01-01,0,0,0
Kawasan Pelabuhan Sematan,2023-02-01,0,0,0
Kawasan Pelabuhan Sematan,2023-03-01,0,0,0
Kawasan Pelabuhan Sematan,2023-04-01,0,0,0
Kawasan Pelabuhan Sematan,2023-05-01,0,0,0
Kawasan Pelabuhan Sematan,2023-06-01,0,0,0
Kawasan Pelabuhan Sematan,2023-07-01,0,0,0
Kawasan Pelabuhan Sematan,2023-08-01,0,0,0
Kawasan Pelabuhan Sematan,2023-09-01,0,0,0
Kawasan Pelabuhan Sematan,2023-10-01,1,1,0
Kawasan Pelabuhan Sematan,2023-11-01,1,1,0
Kerteh,2020-01-01,0,0,0
Kerteh,2020-02-01,1,1,0
Kerteh,2020-03-01,1,1,0
Kerteh,2020-04-01,0,0,0
Kerteh,2020-05-01,0,0,0
Kerteh,2020-06-01,0,0,0
Kerteh,2020-07-01,0,0,0
Kerteh,2020-08-01,0,0,0
Kerteh,2020-09-01,0,0,0
Kerteh,2020-10-01,0,0,0
Kerteh,2020-11-01,0,0,0
Kerteh,2020-12-01,0,0,0
Kerteh,2021-01-01,0,0,0
Kerteh,2021-02-01,0,0,0
Kerteh,2021-03-01,0,0,0
Kerteh,2021-04-01,0,0,0
Kerteh,2021-05-01,0,0,0
Kerteh,2021-06-01,0,0,0
Kerteh,2021-07-01,0,0,0
Kerteh,2021-08-01,0,0,0
Kerteh,2021-09-01,0,0,0
Kerteh,2021-10-01,0,0,0
Kerteh,2021-11-01,0,0,0
Kerteh,2021-12-01,0,0,0
Kerteh,2022-01-01,0,0,0
Kerteh,2022-02-01,0,0,0
Kerteh,2022-03-01,0,0,0
Kerteh,2022-04-01,0,0,0
Kerteh,2022-05-01,0,0,0
Kerteh,2022-06-01,0,0,0
Kerteh,2022-07-01,0,0,0
Kerteh,2022-08-01,0,0,0
Kerteh,2022-09-01,0,0,0
Kerteh,2022-10-01,0,0,0
Kerteh,2022-11-01,0,0,0
Kerteh,2022-12-01,0,0,0
Kerteh,2023-01-01,0,0,0
Kerteh,2023-02-01,0,0,0
Kerteh,2023-03-01,0,0,0
Kerteh,2023-04-01,0,0,0
Kerteh,2023-05-01,0,0,0
Kerteh,2023-06-01,2,2,0
Kerteh,2023-07-01,0,0,0
Kerteh,2023-08-01,0,0,0
Kerteh,2023-09-01,0,0,0
Kerteh,2023-10-01,0,0,0
Kerteh,2023-11-01,0,0,0
LT Batu Berendam,2020-01-01,970,450,520
LT Batu Berendam,2020-02-01,503,239,264
LT Batu Berendam,2020-03-01,3,3,0
LT Batu Berendam,2020-04-01,0,0,0
LT Batu Berendam,2020-05-01,0,0,0
LT Batu Berendam,2020-06-01,0,0,0
LT Batu Berendam,2020-07-01,0,0,0
LT Batu Berendam,2020-08-01,0,0,0
LT Batu Berendam,2020-09-01,0,0,0
LT Batu Berendam,2020-10-01,2,1,1
LT Batu Berendam,2020-11-01,0,0,0
LT Batu Berendam,2020-12-01,10,10,0
LT Batu Berendam,2021-01-01,0,0,0
LT Batu Berendam,2021-02-01,0,0,0
LT Batu Berendam,2021-03-01,2,0,2
LT Batu Berendam,2021-04-01,0,0,0
LT Batu Berendam,2021-05-01,0,0,0
LT Batu Berendam,2021-06-01,0,0,0
LT Batu Berendam,2021-07-01,2,1,1
LT Batu Berendam,2021-08-01,0,0,0
LT Batu Berendam,2021-09-01,0,0,0
LT Batu Berendam,2021-10-01,0,0,0
LT Batu Berendam,2021-11-01,3,3,0
LT Batu Berendam,2021-12-01,0,0,0
LT Batu Berendam,2022-01-01,0,0,0
LT Batu Berendam,2022-02-01,0,0,0
LT Batu Berendam,2022-03-01,0,0,0
LT Batu Berendam,2022-04-01,12,6,6
LT Batu Berendam,2022-05-01,2,1,1
LT Batu Berendam,2022-06-01,9,7,2
LT Batu Berendam,2022-07-01,16,13,3
LT Batu Berendam,2022-08-01,1,1,0
LT Batu Berendam,2022-09-01,1000,472,528
LT Batu Berendam,2022-10-01,1405,610,795
LT Batu Berendam,2022-11-01,1020,458,562
LT Batu Berendam,2022-12-01,1305,624,681
LT Batu Berendam,2023-01-01,1146,522,624
LT Batu Berendam,2023-02-01,1196,518,678
LT Batu Berendam,2023-03-01,1072,490,582
LT Batu Berendam,2023-04-01,634,290,344
LT Batu Berendam,2023-05-01,888,389,499
LT Batu Berendam,2023-06-01,807,398,409
LT Batu Berendam,2023-07-01,679,291,388
LT Batu Berendam,2023-08-01,66,27,39
LT Batu Berendam,2023-09-01,21,17,4
LT Batu Berendam,2023-10-01,16,15,1
LT Batu Berendam,2023-11-01,27,25,2
LT Bintulu,2020-01-01,49,27,22
LT Bintulu,2020-02-01,39,24,15
LT Bintulu,2020-03-01,10,10,0
LT Bintulu,2020-04-01,0,0,0
LT Bintulu,2020-05-01,0,0,0
LT Bintulu,2020-06-01,0,0,0
LT Bintulu,2020-07-01,0,0,0
LT Bintulu,2020-08-01,0,0,0
LT Bintulu,2020-09-01,0,0,0
LT Bintulu,2020-10-01,0,0,0
LT Bintulu,2020-11-01,0,0,0
LT Bintulu,2020-12-01,0,0,0
LT Bintulu,2021-01-01,0,0,0
LT Bintulu,2021-02-01,0,0,0
LT Bintulu,2021-03-01,0,0,0
LT Bintulu,2021-04-01,0,0,0
LT Bintulu,2021-05-01,1,1,0
LT Bintulu,2021-06-01,0,0,0
LT Bintulu,2021-07-01,0,0,0
LT Bintulu,2021-08-01,0,0,0
LT Bintulu,2021-09-01,0,0,0
LT Bintulu,2021-10-01,1,1,0
LT Bintulu,2021-11-01,1,1,0
LT Bintulu,2021-12-01,8,8,0
LT Bintulu,2022-01-01,5,5,0
LT Bintulu,2022-02-01,1,0,1
LT Bintulu,2022-03-01,19,18,1
LT Bintulu,2022-04-01,18,15,3
LT Bintulu,2022-05-01,48,36,12
LT Bintulu,2022-06-01,25,22,3
LT Bintulu,2022-07-01,48,30,18
LT Bintulu,2022-08-01,45,39,6
LT Bintulu,2022-09-01,61,47,14
LT Bintulu,2022-10-01,49,41,8
LT Bintulu,2022-11-01,49,36,13
LT Bintulu,2022-12-01,74,55,19
LT Bintulu,2023-01-01,120,96,24
LT Bintulu,2023-02-01,163,132,31
LT Bintulu,2023-03-01,269,219,50
LT Bintulu,2023-04-01,110,88,22
LT Bintulu,2023-05-01,54,44,10
LT Bintulu,2023-06-01,84,66,18
LT Bintulu,2023-07-01,68,54,14
LT Bintulu,2023-08-01,244,231,13
LT Bintulu,2023-09-01,113,95,18
LT Bintulu,2023-10-01,145,120,25
LT Bintulu,2023-11-01,63,55,8
LT Labuan,2020-01-01,0,0,0
LT Labuan,2020-02-01,0,0,0
LT Labuan,2020-03-01,0,0,0
LT Labuan,2020-04-01,0,0,0
LT Labuan,2020-05-01,0,0,0
LT Labuan,2020-06-01,0,0,0
LT Labuan,2020-07-01,1,1,0
LT Labuan,2020-08-01,0,0,0
LT Labuan,2020-09-01,0,0,0
LT Labuan,2020-10-01,0,0,0
LT Labuan,2020-11-01,0,0,0
LT Labuan,2020-12-01,0,0,0
LT Labuan,2021-01-01,0,0,0
LT Labuan,2021-02-01,0,0,0
LT Labuan,2021-03-01,0,0,0
LT Labuan,2021-04-01,0,0,0
LT Labuan,2021-05-01,0,0,0
LT Labuan,2021-06-01,0,0,0
LT Labuan,2021-07-01,0,0,0
LT Labuan,2021-08-01,0,0,0
LT Labuan,2021-09-01,0,0,0
LT Labuan,2021-10-01,0,0,0
LT Labuan,2021-11-01,0,0,0
LT Labuan,2021-12-01,0,0,0
LT Labuan,2022-01-01,0,0,0
LT Labuan,2022-02-01,0,0,0
LT Labuan,2022-03-01,0,0,0
LT Labuan,2022-04-01,0,0,0
LT Labuan,2022-05-01,0,0,0
LT Labuan,2022-06-01,0,0,0
LT Labuan,2022-07-01,0,0,0
LT Labuan,2022-08-01,0,0,0
LT Labuan,2022-09-01,0,0,0
LT Labuan,2022-10-01,0,0,0
LT Labuan,2022-11-01,21,16,5
LT Labuan,2022-12-01,80,32,48
LT Labuan,2023-01-01,0,0,0
LT Labuan,2023-02-01,0,0,0
LT Labuan,2023-03-01,0,0,0
LT Labuan,2023-04-01,2,2,0
LT Labuan,2023-05-01,25,23,2
LT Labuan,2023-06-01,21,20,1
LT Labuan,2023-07-01,0,0,0
LT Labuan,2023-08-01,2,2,0
LT Labuan,2023-09-01,15,15,0
LT Labuan,2023-10-01,12,7,5
LT Labuan,2023-11-01,0,0,0
LT Limbang,2020-01-01,0,0,0
LT Limbang,2020-02-01,0,0,0
LT Limbang,2020-03-01,0,0,0
LT Limbang,2020-04-01,0,0,0
LT Limbang,2020-05-01,0,0,0
LT Limbang,2020-06-01,0,0,0
LT Limbang,2020-07-01,0,0,0
LT Limbang,2020-08-01,0,0,0
LT Limbang,2020-09-01,0,0,0
LT Limbang,2020-10-01,0,0,0
LT Limbang,2020-11-01,0,0,0
LT Limbang,2020-12-01,0,0,0
LT Limbang,2021-01-01,0,0,0
LT Limbang,2021-02-01,0,0,0
LT Limbang,2021-03-01,0,0,0
LT Limbang,2021-04-01,0,0,0
LT Limbang,2021-05-01,0,0,0
LT Limbang,2021-06-01,0,0,0
LT Limbang,2021-07-01,0,0,0
LT Limbang,2021-08-01,0,0,0
LT Limbang,2021-09-01,0,0,0
LT Limbang,2021-10-01,0,0,0
LT Limbang,2021-11-01,0,0,0
LT Limbang,2021-12-01,0,0,0
LT Limbang,2022-01-01,0,0,0
LT Limbang,2022-02-01,0,0,0
LT Limbang,2022-03-01,0,0,0
LT Limbang,2022-04-01,0,0,0
LT Limbang,2022-05-01,0,0,0
LT Limbang,2022-06-01,0,0,0
LT Limbang,2022-07-01,0,0,0
LT Limbang,2022-08-01,0,0,0
LT Limbang,2022-09-01,0,0,0
LT Limbang,2022-10-01,1,0,1
LT Limbang,2022-11-01,0,0,0
LT Limbang,2022-12-01,1,0,1
LT Limbang,2023-01-01,0,0,0
LT Limbang,2023-02-01,0,0,0
LT Limbang,2023-03-01,2,2,0
LT Limbang,2023-04-01,0,0,0
LT Limbang,2023-05-01,0,0,0
LT Limbang,2023-06-01,0,0,0
LT Limbang,2023-07-01,0,0,0
LT Limbang,2023-08-01,0,0,0
LT Limbang,2023-09-01,0,0,0
LT Limbang,2023-10-01,0,0,0
LT Limbang,2023-11-01,1,1,0
LT Miri,2020-01-01,1623,937,686
LT Miri,2020-02-01,515,319,196
LT Miri,2020-03-01,170,110,60
LT Miri,2020-04-01,0,0,0
LT Miri,2020-05-01,0,0,0
LT Miri,2020-06-01,2,2,0
LT Miri,2020-07-01,2,2,0
LT Miri,2020-08-01,3,1,2
LT Miri,2020-09-01,1,0,1
LT Miri,2020-10-01,0,0,0
LT Miri,2020-11-01,0,0,0
LT Miri,2020-12-01,1,1,0
LT Miri,2021-01-01,2,2,0
LT Miri,2021-02-01,1,1,0
LT Miri,2021-03-01,5,4,1
LT Miri,2021-04-01,0,0,0
LT Miri,2021-05-01,1,1,0
LT Miri,2021-06-01,0,0,0
LT Miri,2021-07-01,0,0,0
LT Miri,2021-08-01,4,3,1
LT Miri,2021-09-01,51,51,0
LT Miri,2021-10-01,1,1,0
LT Miri,2021-11-01,2,2,0
LT Miri,2021-12-01,1,1,0
LT Miri,2022-01-01,9,7,2
LT Miri,2022-02-01,12,6,6
LT Miri,2022-03-01,15,6,9
LT Miri,2022-04-01,232,137,95
LT Miri,2022-05-01,452,271,181
LT Miri,2022-06-01,590,284,306
LT Miri,2022-07-01,601,337,264
LT Miri,2022-08-01,787,447,340
LT Miri,2022-09-01,1021,556,465
LT Miri,2022-10-01,965,576,389
LT Miri,2022-11-01,1128,618,510
LT Miri,2022-12-01,2379,1186,1193
LT Miri,2023-01-01,1542,824,718
LT Miri,2023-02-01,1267,681,586
LT Miri,2023-03-01,1752,944,808
LT Miri,2023-04-01,2376,1264,1112
LT Miri,2023-05-01,1828,1027,801
LT Miri,2023-06-01,1713,920,793
LT Miri,2023-07-01,1497,846,651
LT Miri,2023-08-01,1890,1034,856
LT Miri,2023-09-01,1710,922,788
LT Miri,2023-10-01,1551,858,693
LT Miri,2023-11-01,1507,845,662
LT Sandakan,2020-01-01,496,263,233
LT Sandakan,2020-02-01,183,93,90
LT Sandakan,2020-03-01,51,21,30
LT Sandakan,2020-04-01,0,0,0
LT Sandakan,2020-05-01,0,0,0
LT Sandakan,2020-06-01,0,0,0
LT Sandakan,2020-07-01,0,0,0
LT Sandakan,2020-08-01,0,0,0
LT Sandakan,2020-09-01,0,0,0
LT Sandakan,2020-10-01,0,0,0
LT Sandakan,2020-11-01,0,0,0
LT Sandakan,2020-12-01,0,0,0
LT Sandakan,2021-01-01,0,0,0
LT Sandakan,2021-02-01,0,0,0
LT Sandakan,2021-03-01,0,0,0
LT Sandakan,2021-04-01,0,0,0
LT Sandakan,2021-05-01,0,0,0
LT Sandakan,2021-06-01,0,0,0
LT Sandakan,2021-07-01,1,1,0
LT Sandakan,2021-08-01,1,1,0
LT Sandakan,2021-09-01,2,1,1
LT Sandakan,2021-10-01,0,0,0
LT Sandakan,2021-11-01,2,0,2
LT Sandakan,2021-12-01,1,0,1
LT Sandakan,2022-01-01,1,0,1
LT Sandakan,2022-02-01,1,0,1
LT Sandakan,2022-03-01,1,0,1
LT Sandakan,2022-04-01,2,0,2
LT Sandakan,2022-05-01,6,4,2
LT Sandakan,2022-06-01,20,11,9
LT Sandakan,2022-07-01,17,10,7
LT Sandakan,2022-08-01,82,49,33
LT Sandakan,2022-09-01,32,22,10
LT Sandakan,2022-10-01,78,36,42
LT Sandakan,2022-11-01,10,4,6
LT Sandakan,2022-12-01,70,33,37
LT Sandakan,2023-01-01,57,28,29
LT Sandakan,2023-02-01,118,60,58
LT Sandakan,2023-03-01,75,37,38
LT Sandakan,2023-04-01,169,83,86
LT Sandakan,2023-05-01,61,24,37
LT Sandakan,2023-06-01,82,46,36
LT Sandakan,2023-07-01,43,21,22
LT Sandakan,2023-08-01,75,43,32
LT Sandakan,2023-09-01,126,65,61
LT Sandakan,2023-10-01,15,5,10
LT Sandakan,2023-11-01,50,21,29
LT Sibu,2020-01-01,64,21,43
LT Sibu,2020-02-01,12,5,7
LT Sibu,2020-03-01,13,9,4
LT Sibu,2020-04-01,0,0,0
LT Sibu,2020-05-01,0,0,0
LT Sibu,2020-06-01,0,0,0
LT Sibu,2020-07-01,0,0,0
LT Sibu,2020-08-01,0,0,0
LT Sibu,2020-09-01,0,0,0
LT Sibu,2020-10-01,0,0,0
LT Sibu,2020-11-01,0,0,0
LT Sibu,2020-12-01,0,0,0
LT Sibu,2021-01-01,0,0,0
LT Sibu,2021-02-01,0,0,0
LT Sibu,2021-03-01,0,0,0
LT Sibu,2021-04-01,0,0,0
LT Sibu,2021-05-01,0,0,0
LT Sibu,2021-06-01,0,0,0
LT Sibu,2021-07-01,0,0,0
LT Sibu,2021-08-01,0,0,0
LT Sibu,2021-09-01,0,0,0
LT Sibu,2021-10-01,1,1,0
LT Sibu,2021-11-01,1,0,1
LT Sibu,2021-12-01,0,0,0
LT Sibu,2022-01-01,1,1,0
LT Sibu,2022-02-01,1,1,0
LT Sibu,2022-03-01,0,0,0
LT Sibu,2022-04-01,1,0,1
LT Sibu,2022-05-01,4,2,2
LT Sibu,2022-06-01,5,1,4
LT Sibu,2022-07-01,1,0,1
LT Sibu,2022-08-01,8,6,2
LT Sibu,2022-09-01,7,4,3
LT Sibu,2022-10-01,5,4,1
LT Sibu,2022-11-01,26,23,3
LT Sibu,2022-12-01,285,129,156
LT Sibu,2023-01-01,356,180,176
LT Sibu,2023-02-01,374,183,191
LT Sibu,2023-03-01,689,355,334
LT Sibu,2023-04-01,402,205,197
LT Sibu,2023-05-01,459,220,239
LT Sibu,2023-06-01,600,299,301
LT Sibu,2023-07-01,297,149,148
LT Sibu,2023-08-01,264,151,113
LT Sibu,2023-09-01,403,184,219
LT Sibu,2023-10-01,432,206,226
LT Sibu,2023-11-01,417,214,203
LT Tawau,2020-01-01,942,432,510
LT Tawau,2020-02-01,242,153,89
LT Tawau,2020-03-01,92,54,38
LT Tawau,2020-04-01,0,0,0
LT Tawau,2020-05-01,0,0,0
LT Tawau,2020-06-01,0,0,0
LT Tawau,2020-07-01,1,0,1
LT Tawau,2020-08-01,0,0,0
LT Tawau,2020-09-01,1,1,0
LT Tawau,2020-10-01,0,0,0
LT Tawau,2020-11-01,0,0,0
LT Tawau,2020-12-01,0,0,0
LT Tawau,2021-01-01,6,3,3
LT Tawau,2021-02-01,11,4,7
LT Tawau,2021-03-01,0,0,0
LT Tawau,2021-04-01,0,0,0
LT Tawau,2021-05-01,0,0,0
LT Tawau,2021-06-01,0,0,0
LT Tawau,2021-07-01,0,0,0
LT Tawau,2021-08-01,2,0,2
LT Tawau,2021-09-01,0,0,0
LT Tawau,2021-10-01,2,0,2
LT Tawau,2021-11-01,4,2,2
LT Tawau,2021-12-01,3,1,2
LT Tawau,2022-01-01,9,7,2
LT Tawau,2022-02-01,4,3,1
LT Tawau,2022-03-01,7,2,5
LT Tawau,2022-04-01,6,4,2
LT Tawau,2022-05-01,7,3,4
LT Tawau,2022-06-01,3,0,3
LT Tawau,2022-07-01,17,7,10
LT Tawau,2022-08-01,6,2,4
LT Tawau,2022-09-01,3,1,2
LT Tawau,2022-10-01,3,1,2
LT Tawau,2022-11-01,2,0,2
LT Tawau,2022-12-01,4,2,2
LT Tawau,2023-01-01,82,34,48
LT Tawau,2023-02-01,145,69,76
LT Tawau,2023-03-01,312,157,155
LT Tawau,2023-04-01,602,283,319
LT Tawau,2023-05-01,528,220,308
LT Tawau,2023-06-01,499,234,265
LT Tawau,2023-07-01,774,343,431
LT Tawau,2023-08-01,712,355,357
LT Tawau,2023-09-01,442,225,217
LT Tawau,2023-10-01,232,110,122
LT Tawau,2023-11-01,185,94,91
LTA Bayan Lepas,2020-01-01,65864,30111,35753
LTA Bayan Lepas,2020-02-01,46142,21961,24181
LTA Bayan Lepas,2020-03-01,23113,10931,12182
LTA Bayan Lepas,2020-04-01,11,10,1
LTA Bayan Lepas,2020-05-01,1,1,0
LTA Bayan Lepas,2020-06-01,18,4,14
LTA Bayan Lepas,2020-07-01,24,10,14
LTA Bayan Lepas,2020-08-01,36,22,14
LTA Bayan Lepas,2020-09-01,26,21,5
LTA Bayan Lepas,2020-10-01,66,46,20
LTA Bayan Lepas,2020-11-01,98,68,30
LTA Bayan Lepas,2020-12-01,96,63,33
LTA Bayan Lepas,2021-01-01,89,47,42
LTA Bayan Lepas,2021-02-01,101,65,36
LTA Bayan Lepas,2021-03-01,155,97,58
LTA Bayan Lepas,2021-04-01,109,63,46
LTA Bayan Lepas,2021-05-01,134,90,44
LTA Bayan Lepas,2021-06-01,346,323,23
LTA Bayan Lepas,2021-07-01,162,93,69
LTA Bayan Lepas,2021-08-01,257,194,63
LTA Bayan Lepas,2021-09-01,267,197,70
LTA Bayan Lepas,2021-10-01,282,170,112
LTA Bayan Lepas,2021-11-01,366,235,131
LTA Bayan Lepas,2021-12-01,366,239,127
LTA Bayan Lepas,2022-01-01,266,167,99
LTA Bayan Lepas,2022-02-01,471,387,84
LTA Bayan Lepas,2022-03-01,1619,935,684
LTA Bayan Lepas,2022-04-01,10484,5565,4919
LTA Bayan Lepas,2022-05-01,24031,11961,12070
LTA Bayan Lepas,2022-06-01,38588,18546,20042
LTA Bayan Lepas,2022-07-01,43774,20386,23388
LTA Bayan Lepas,2022-08-01,45775,21278,24497
LTA Bayan Lepas,2022-09-01,49690,22611,27079
LTA Bayan Lepas,2022-10-01,55008,25270,29738
LTA Bayan Lepas,2022-11-01,54965,25379,29586
LTA Bayan Lepas,2022-12-01,65788,30440,35348
LTA Bayan Lepas,2023-01-01,68411,30842,37569
LTA Bayan Lepas,2023-02-01,64997,30622,34375
LTA Bayan Lepas,2023-03-01,74336,35456,38880
LTA Bayan Lepas,2023-04-01,76221,35047,41174
LTA Bayan Lepas,2023-05-01,82217,39046,43171
LTA Bayan Lepas,2023-06-01,102609,47463,55146
LTA Bayan Lepas,2023-07-01,96724,44352,52372
LTA Bayan Lepas,2023-08-01,91924,43285,48639
LTA Bayan Lepas,2023-09-01,87321,42273,45048
LTA Bayan Lepas,2023-10-01,86278,40152,46126
LTA Bayan Lepas,2023-11-01,94141,44453,49688
LTA Ipoh,2020-01-01,5569,2806,2763
LTA Ipoh,2020-02-01,2763,1356,1407
LTA Ipoh,2020-03-01,1690,820,870
LTA Ipoh,2020-04-01,0,0,0
LTA Ipoh,2020-05-01,0,0,0
LTA Ipoh,2020-06-01,3,1,2
LTA Ipoh,2020-07-01,3,1,2
LTA Ipoh,2020-08-01,4,3,1
LTA Ipoh,2020-09-01,1,1,0
LTA Ipoh,2020-10-01,2,1,1
LTA Ipoh,2020-11-01,8,4,4
LTA Ipoh,2020-12-01,0,0,0
LTA Ipoh,2021-01-01,3,1,2
LTA Ipoh,2021-02-01,5,1,4
LTA Ipoh,2021-03-01,2,0,2
LTA Ipoh,2021-04-01,10,4,6
LTA Ipoh,2021-05-01,8,2,6
LTA Ipoh,2021-06-01,1,1,0
LTA Ipoh,2021-07-01,1,0,1
LTA Ipoh,2021-08-01,3,1,2
LTA Ipoh,2021-09-01,2,0,2
LTA Ipoh,2021-10-01,7,2,5
LTA Ipoh,2021-11-01,5,3,2
LTA Ipoh,2021-12-01,11,7,4
LTA Ipoh,2022-01-01,13,5,8
LTA Ipoh,2022-02-01,13,3,10
LTA Ipoh,2022-03-01,6,5,1
LTA Ipoh,2022-04-01,1227,575,652
LTA Ipoh,2022-05-01,2196,1030,1166
LTA Ipoh,2022-06-01,4354,2081,2273
LTA Ipoh,2022-07-01,4287,2025,2262
LTA Ipoh,2022-08-01,3989,1841,2148
LTA Ipoh,2022-09-01,4881,2233,2648
LTA Ipoh,2022-10-01,4903,2202,2701
LTA Ipoh,2022-11-01,5930,2729,3201
LTA Ipoh,2022-12-01,8275,3944,4331
LTA Ipoh,2023-01-01,5433,2619,2814
LTA Ipoh,2023-02-01,5071,2396,2675
LTA Ipoh,2023-03-01,7251,3337,3914
LTA Ipoh,2023-04-01,5973,2763,3210
LTA Ipoh,2023-05-01,6244,2923,3321
LTA Ipoh,2023-06-01,8535,3944,4591
LTA Ipoh,2023-07-01,6834,3092,3742
LTA Ipoh,2023-08-01,6066,2769,3297
LTA Ipoh,2023-09-01,7091,3214,3877
LTA Ipoh,2023-10-01,6180,2875,3305
LTA Ipoh,2023-11-01,7976,3628,4348
LTA Kota Kinabalu,2020-01-01,57867,25613,32254
LTA Kota Kinabalu,2020-02-01,24840,11175,13665
LTA Kota Kinabalu,2020-03-01,3878,2006,1872
LTA Kota Kinabalu,2020-04-01,0,0,0
LTA Kota Kinabalu,2020-05-01,12,10,2
LTA Kota Kinabalu,2020-06-01,5,1,4
LTA Kota Kinabalu,2020-07-01,22,9,13
LTA Kota Kinabalu,2020-08-01,32,17,15
LTA Kota Kinabalu,2020-09-01,14,6,8
LTA Kota Kinabalu,2020-10-01,1,1,0
LTA Kota Kinabalu,2020-11-01,5,4,1
LTA Kota Kinabalu,2020-12-01,11,8,3
LTA Kota Kinabalu,2021-01-01,4,3,1
LTA Kota Kinabalu,2021-02-01,7,4,3
LTA Kota Kinabalu,2021-03-01,18,18,0
LTA Kota Kinabalu,2021-04-01,7,5,2
LTA Kota Kinabalu,2021-05-01,12,6,6
LTA Kota Kinabalu,2021-06-01,4,2,2
LTA Kota Kinabalu,2021-07-01,4,4,0
LTA Kota Kinabalu,2021-08-01,4,4,0
LTA Kota Kinabalu,2021-09-01,0,0,0
LTA Kota Kinabalu,2021-10-01,8,7,1
LTA Kota Kinabalu,2021-11-01,29,17,12
LTA Kota Kinabalu,2021-12-01,23,11,12
LTA Kota Kinabalu,2022-01-01,30,12,18
LTA Kota Kinabalu,2022-02-01,13,7,6
LTA Kota Kinabalu,2022-03-01,22,13,9
LTA Kota Kinabalu,2022-04-01,770,416,354
LTA Kota Kinabalu,2022-05-01,3203,1735,1468
LTA Kota Kinabalu,2022-06-01,7538,3622,3916
LTA Kota Kinabalu,2022-07-01,15775,7426,8349
LTA Kota Kinabalu,2022-08-01,15423,7208,8215
LTA Kota Kinabalu,2022-09-01,13270,6404,6866
LTA Kota Kinabalu,2022-10-01,13863,6522,7341
LTA Kota Kinabalu,2022-11-01,17526,8180,9346
LTA Kota Kinabalu,2022-12-01,23674,10872,12802
LTA Kota Kinabalu,2023-01-01,32213,14531,17682
LTA Kota Kinabalu,2023-02-01,28788,12994,15794
LTA Kota Kinabalu,2023-03-01,31834,14123,17711
LTA Kota Kinabalu,2023-04-01,31300,14614,16686
LTA Kota Kinabalu,2023-05-01,35285,16054,19231
LTA Kota Kinabalu,2023-06-01,20012,9464,10548
LTA Kota Kinabalu,2023-07-01,25509,11697,13812
LTA Kota Kinabalu,2023-08-01,4344,2181,2163
LTA Kota Kinabalu,2023-09-01,4052,1948,2104
LTA Kota Kinabalu,2023-10-01,3509,1768,1741
LTA Kota Kinabalu,2023-11-01,25419,11707,13712
LTA Kuala Lumpur Terminal 1,2020-01-01,438442,253578,184864
LTA Kuala Lumpur Terminal 1,2020-02-01,299736,190986,108750
LTA Kuala Lumpur Terminal 1,2020-03-01,107122,71957,35165
LTA Kuala Lumpur Terminal 1,2020-04-01,411,228,183
LTA Kuala Lumpur Terminal 1,2020-05-01,577,413,164
LTA Kuala Lumpur Terminal 1,2020-06-01,1156,804,352
LTA Kuala Lumpur Terminal 1,2020-07-01,5323,3749,1574
LTA Kuala Lumpur Terminal 1,2020-08-01,5586,3740,1846
LTA Kuala Lumpur Terminal 1,2020-09-01,5463,3846,1617
LTA Kuala Lumpur Terminal 1,2020-10-01,5199,3828,1371
LTA Kuala Lumpur Terminal 1,2020-11-01,4978,3792,1186
LTA Kuala Lumpur Terminal 1,2020-12-01,4423,3284,1139
LTA Kuala Lumpur Terminal 1,2021-01-01,5788,4416,1372
LTA Kuala Lumpur Terminal 1,2021-02-01,5699,4358,1341
LTA Kuala Lumpur Terminal 1,2021-03-01,9192,6707,2485
LTA Kuala Lumpur Terminal 1,2021-04-01,9089,6710,2379
LTA Kuala Lumpur Terminal 1,2021-05-01,6409,4896,1513
LTA Kuala Lumpur Terminal 1,2021-06-01,3803,2941,862
LTA Kuala Lumpur Terminal 1,2021-07-01,5284,3802,1482
LTA Kuala Lumpur Terminal 1,2021-08-01,6538,4516,2022
LTA Kuala Lumpur Terminal 1,2021-09-01,6938,4962,1976
LTA Kuala Lumpur Terminal 1,2021-10-01,9733,6632,3101
LTA Kuala Lumpur Terminal 1,2021-11-01,14016,10066,3950
LTA Kuala Lumpur Terminal 1,2021-12-01,39204,27166,12038
LTA Kuala Lumpur Terminal 1,2022-01-01,39232,27099,12133
LTA Kuala Lumpur Terminal 1,2022-02-01,34688,25372,9316
LTA Kuala Lumpur Terminal 1,2022-03-01,42888,31007,11881
LTA Kuala Lumpur Terminal 1,2022-04-01,89614,59064,30550
LTA Kuala Lumpur Terminal 1,2022-05-01,126998,83647,43351
LTA Kuala Lumpur Terminal 1,2022-06-01,155261,101036,54225
LTA Kuala Lumpur Terminal 1,2022-07-01,203862,128631,75231
LTA Kuala Lumpur Terminal 1,2022-08-01,236498,153823,82675
LTA Kuala Lumpur Terminal 1,2022-09-01,236613,161914,74699
LTA Kuala Lumpur Terminal 1,2022-10-01,246105,163813,82292
LTA Kuala Lumpur Terminal 1,2022-11-01,269461,182646,86815
LTA Kuala Lumpur Terminal 1,2022-12-01,282360,179387,102973
LTA Kuala Lumpur Terminal 1,2023-01-01,281846,177807,104039
LTA Kuala Lumpur Terminal 1,2023-02-01,278462,188835,89627
LTA Kuala Lumpur Terminal 1,2023-03-01,316899,210447,106452
LTA Kuala Lumpur Terminal 1,2023-04-01,293998,183607,110391
LTA Kuala Lumpur Terminal 1,2023-05-01,318519,208951,109568
LTA Kuala Lumpur Terminal 1,2023-06-01,335562,211854,123708
LTA Kuala Lumpur Terminal 1,2023-07-01,433509,257481,176028
LTA Kuala Lumpur Terminal 1,2023-08-01,433768,265886,167882
LTA Kuala Lumpur Terminal 1,2023-09-01,389853,241610,148243
LTA Kuala Lumpur Terminal 1,2023-10-01,361684,217409,144275
LTA Kuala Lumpur Terminal 1,2023-11-01,373475,227380,146095
LTA Kuala Lumpur Terminal 2,2020-01-01,369144,189737,179407
LTA Kuala Lumpur Terminal 2,2020-02-01,244870,135477,109393
LTA Kuala Lumpur Terminal 2,2020-03-01,104257,59613,44644
LTA Kuala Lumpur Terminal 2,2020-04-01,4,2,2
LTA Kuala Lumpur Terminal 2,2020-05-01,38,9,29
LTA Kuala Lumpur Terminal 2,2020-06-01,69,19,50
LTA Kuala Lumpur Terminal 2,2020-07-01,265,142,123
LTA Kuala Lumpur Terminal 2,2020-08-01,247,151,96
LTA Kuala Lumpur Terminal 2,2020-09-01,386,284,102
LTA Kuala Lumpur Terminal 2,2020-10-01,353,274,79
LTA Kuala Lumpur Terminal 2,2020-11-01,347,240,107
LTA Kuala Lumpur Terminal 2,2020-12-01,425,287,138
LTA Kuala Lumpur Terminal 2,2021-01-01,328,185,143
LTA Kuala Lumpur Terminal 2,2021-02-01,274,166,108
LTA Kuala Lumpur Terminal 2,2021-03-01,725,407,318
LTA Kuala Lumpur Terminal 2,2021-04-01,734,431,303
LTA Kuala Lumpur Terminal 2,2021-05-01,438,221,217
LTA Kuala Lumpur Terminal 2,2021-06-01,363,230,133
LTA Kuala Lumpur Terminal 2,2021-07-01,236,139,97
LTA Kuala Lumpur Terminal 2,2021-08-01,220,156,64
LTA Kuala Lumpur Terminal 2,2021-09-01,333,199,134
LTA Kuala Lumpur Terminal 2,2021-10-01,308,171,137
LTA Kuala Lumpur Terminal 2,2021-11-01,729,436,293
LTA Kuala Lumpur Terminal 2,2021-12-01,6159,3283,2876
LTA Kuala Lumpur Terminal 2,2022-01-01,3394,1790,1604
LTA Kuala Lumpur Terminal 2,2022-02-01,4052,2293,1759
LTA Kuala Lumpur Terminal 2,2022-03-01,8101,4733,3368
LTA Kuala Lumpur Terminal 2,2022-04-01,31416,17236,14180
LTA Kuala Lumpur Terminal 2,2022-05-01,85271,46139,39132
LTA Kuala Lumpur Terminal 2,2022-06-01,97741,54718,43023
LTA Kuala Lumpur Terminal 2,2022-07-01,124451,67631,56820
LTA Kuala Lumpur Terminal 2,2022-08-01,146713,82659,64054
LTA Kuala Lumpur Terminal 2,2022-09-01,141866,79662,62204
LTA Kuala Lumpur Terminal 2,2022-10-01,167605,95634,71971
LTA Kuala Lumpur Terminal 2,2022-11-01,171274,97277,73997
LTA Kuala Lumpur Terminal 2,2022-12-01,205561,111167,94394
LTA Kuala Lumpur Terminal 2,2023-01-01,221260,119829,101431
LTA Kuala Lumpur Terminal 2,2023-02-01,204685,117975,86710
LTA Kuala Lumpur Terminal 2,2023-03-01,243392,136312,107080
LTA Kuala Lumpur Terminal 2,2023-04-01,243861,129175,114686
LTA Kuala Lumpur Terminal 2,2023-05-01,249415,132446,116969
LTA Kuala Lumpur Terminal 2,2023-06-01,97162,50798,46364
LTA Kuala Lumpur Terminal 2,2023-07-01,348410,180091,168319
LTA Kuala Lumpur Terminal 2,2023-08-01,332972,176329,156643
LTA Kuala Lumpur Terminal 2,2023-09-01,288062,154949,133113
LTA Kuala Lumpur Terminal 2,2023-10-01,276765,146914,129851
LTA Kuala Lumpur Terminal 2,2023-11-01,264925,141740,123185
LTA Kuala Terengganu,2020-01-01,0,0,0
LTA Kuala Terengganu,2020-02-01,0,0,0
LTA Kuala Terengganu,2020-03-01,0,0,0
LTA Kuala Terengganu,2020-04-01,0,0,0
LTA Kuala Terengganu,2020-05-01,0,0,0
LTA Kuala Terengganu,2020-06-01,0,0,0
LTA Kuala Terengganu,2020-07-01,0,0,0
LTA Kuala Terengganu,2020-08-01,0,0,0
LTA Kuala Terengganu,2020-09-01,0,0,0
LTA Kuala Terengganu,2020-10-01,0,0,0
LTA Kuala Terengganu,2020-11-01,0,0,0
LTA Kuala Terengganu,2020-12-01,20,20,0
LTA Kuala Terengganu,2021-01-01,13,13,0
LTA Kuala Terengganu,2021-02-01,11,11,0
LTA Kuala Terengganu,2021-03-01,18,18,0
LTA Kuala Terengganu,2021-04-01,0,0,0
LTA Kuala Terengganu,2021-05-01,4,4,0
LTA Kuala Terengganu,2021-06-01,0,0,0
LTA Kuala Terengganu,2021-07-01,0,0,0
LTA Kuala Terengganu,2021-08-01,0,0,0
LTA Kuala Terengganu,2021-09-01,1,1,0
LTA Kuala Terengganu,2021-10-01,0,0,0
LTA Kuala Terengganu,2021-11-01,0,0,0
LTA Kuala Terengganu,2021-12-01,0,0,0
LTA Kuala Terengganu,2022-01-01,0,0,0
LTA Kuala Terengganu,2022-02-01,0,0,0
LTA Kuala Terengganu,2022-03-01,0,0,0
LTA Kuala Terengganu,2022-04-01,0,0,0
LTA Kuala Terengganu,2022-05-01,0,0,0
LTA Kuala Terengganu,2022-06-01,1,1,0
LTA Kuala Terengganu,2022-07-01,0,0,0
LTA Kuala Terengganu,2022-08-01,0,0,0
LTA Kuala Terengganu,2022-09-01,7,4,3
LTA Kuala Terengganu,2022-10-01,4,2,2
LTA Kuala Terengganu,2022-11-01,0,0,0
LTA Kuala Terengganu,2022-12-01,0,0,0
LTA Kuala Terengganu,2023-01-01,0,0,0
LTA Kuala Terengganu,2023-02-01,0,0,0
LTA Kuala Terengganu,2023-03-01,0,0,0
LTA Kuala Terengganu,2023-04-01,0,0,0
LTA Kuala Terengganu,2023-05-01,0,0,0
LTA Kuala Terengganu,2023-06-01,0,0,0
LTA Kuala Terengganu,2023-07-01,0,0,0
LTA Kuala Terengganu,2023-08-01,0,0,0
LTA Kuala Terengganu,2023-09-01,3,2,1
LTA Kuala Terengganu,2023-10-01,4,4,0
LTA Kuala Terengganu,2023-11-01,17,14,3
LTA Kuantan,2020-01-01,1039,524,515
LTA Kuantan,2020-02-01,384,216,168
LTA Kuantan,2020-03-01,239,115,124
LTA Kuantan,2020-04-01,0,0,0
LTA Kuantan,2020-05-01,0,0,0
LTA Kuantan,2020-06-01,0,0,0
LTA Kuantan,2020-07-01,0,0,0
LTA Kuantan,2020-08-01,0,0,0
LTA Kuantan,2020-09-01,0,0,0
LTA Kuantan,2020-10-01,0,0,0
LTA Kuantan,2020-11-01,0,0,0
LTA Kuantan,2020-12-01,1,1,0
LTA Kuantan,2021-01-01,0,0,0
LTA Kuantan,2021-02-01,0,0,0
LTA Kuantan,2021-03-01,0,0,0
LTA Kuantan,2021-04-01,0,0,0
LTA Kuantan,2021-05-01,0,0,0
LTA Kuantan,2021-06-01,0,0,0
LTA Kuantan,2021-07-01,0,0,0
LTA Kuantan,2021-08-01,0,0,0
LTA Kuantan,2021-09-01,0,0,0
LTA Kuantan,2021-10-01,0,0,0
LTA Kuantan,2021-11-01,0,0,0
LTA Kuantan,2021-12-01,0,0,0
LTA Kuantan,2022-01-01,0,0,0
LTA Kuantan,2022-02-01,0,0,0
LTA Kuantan,2022-03-01,0,0,0
LTA Kuantan,2022-04-01,0,0,0
LTA Kuantan,2022-05-01,1,0,1
LTA Kuantan,2022-06-01,0,0,0
LTA Kuantan,2022-07-01,0,0,0
LTA Kuantan,2022-08-01,0,0,0
LTA Kuantan,2022-09-01,0,0,0
LTA Kuantan,2022-10-01,0,0,0
LTA Kuantan,2022-11-01,39,17,22
LTA Kuantan,2022-12-01,716,350,366
LTA Kuantan,2023-01-01,496,265,231
LTA Kuantan,2023-02-01,205,108,97
LTA Kuantan,2023-03-01,236,121,115
LTA Kuantan,2023-04-01,613,293,320
LTA Kuantan,2023-05-01,608,309,299
LTA Kuantan,2023-06-01,795,378,417
LTA Kuantan,2023-07-01,618,314,304
LTA Kuantan,2023-08-01,619,330,289
LTA Kuantan,2023-09-01,925,474,451
LTA Kuantan,2023-10-01,808,461,347
LTA Kuantan,2023-11-01,702,358,344
LTA Kuching,2020-01-01,9696,4634,5062
LTA Kuching,2020-02-01,5940,2945,2995
LTA Kuching,2020-03-01,2217,1128,1089
LTA Kuching,2020-04-01,0,0,0
LTA Kuching,2020-05-01,3,2,1
LTA Kuching,2020-06-01,3,3,0
LTA Kuching,2020-07-01,26,18,8
LTA Kuching,2020-08-01,42,32,10
LTA Kuching,2020-09-01,55,36,19
LTA Kuching,2020-10-01,116,64,52
LTA Kuching,2020-11-01,281,231,50
LTA Kuching,2020-12-01,127,122,5
LTA Kuching,2021-01-01,236,214,22
LTA Kuching,2021-02-01,75,68,7
LTA Kuching,2021-03-01,105,94,11
LTA Kuching,2021-04-01,85,74,11
LTA Kuching,2021-05-01,241,229,12
LTA Kuching,2021-06-01,106,90,16
LTA Kuching,2021-07-01,180,168,12
LTA Kuching,2021-08-01,149,141,8
LTA Kuching,2021-09-01,216,199,17
LTA Kuching,2021-10-01,177,157,20
LTA Kuching,2021-11-01,195,164,31
LTA Kuching,2021-12-01,208,162,46
LTA Kuching,2022-01-01,159,108,51
LTA Kuching,2022-02-01,194,155,39
LTA Kuching,2022-03-01,166,131,35
LTA Kuching,2022-04-01,554,333,221
LTA Kuching,2022-05-01,2447,1390,1057
LTA Kuching,2022-06-01,3897,2055,1842
LTA Kuching,2022-07-01,4707,2606,2101
LTA Kuching,2022-08-01,4065,2247,1818
LTA Kuching,2022-09-01,4147,2216,1931
LTA Kuching,2022-10-01,4549,2413,2136
LTA Kuching,2022-11-01,5018,2663,2355
LTA Kuching,2022-12-01,6469,3208,3261
LTA Kuching,2023-01-01,4928,2464,2464
LTA Kuching,2023-02-01,4293,2263,2030
LTA Kuching,2023-03-01,6082,3122,2960
LTA Kuching,2023-04-01,5305,2794,2511
LTA Kuching,2023-05-01,5288,2829,2459
LTA Kuching,2023-06-01,7128,3713,3415
LTA Kuching,2023-07-01,6791,3544,3247
LTA Kuching,2023-08-01,7469,4003,3466
LTA Kuching,2023-09-01,6903,3881,3022
LTA Kuching,2023-10-01,7030,3735,3295
LTA Kuching,2023-11-01,7369,3937,3432
LTA Langkawi,2020-01-01,11948,5683,6265
LTA Langkawi,2020-02-01,6712,3309,3403
LTA Langkawi,2020-03-01,3154,1542,1612
LTA Langkawi,2020-04-01,0,0,0
LTA Langkawi,2020-05-01,0,0,0
LTA Langkawi,2020-06-01,0,0,0
LTA Langkawi,2020-07-01,0,0,0
LTA Langkawi,2020-08-01,0,0,0
LTA Langkawi,2020-09-01,0,0,0
LTA Langkawi,2020-10-01,0,0,0
LTA Langkawi,2020-11-01,0,0,0
LTA Langkawi,2020-12-01,0,0,0
LTA Langkawi,2021-01-01,0,0,0
LTA Langkawi,2021-02-01,0,0,0
LTA Langkawi,2021-03-01,0,0,0
LTA Langkawi,2021-04-01,0,0,0
LTA Langkawi,2021-05-01,0,0,0
LTA Langkawi,2021-06-01,0,0,0
LTA Langkawi,2021-07-01,0,0,0
LTA Langkawi,2021-08-01,0,0,0
LTA Langkawi,2021-09-01,0,0,0
LTA Langkawi,2021-10-01,0,0,0
LTA Langkawi,2021-11-01,0,0,0
LTA Langkawi,2021-12-01,137,76,61
LTA Langkawi,2022-01-01,309,178,131
LTA Langkawi,2022-02-01,370,207,163
LTA Langkawi,2022-03-01,443,210,233
LTA Langkawi,2022-04-01,1128,554,574
LTA Langkawi,2022-05-01,2332,1148,1184
LTA Langkawi,2022-06-01,4307,2030,2277
LTA Langkawi,2022-07-01,4158,1978,2180
LTA Langkawi,2022-08-01,4314,2092,2222
LTA Langkawi,2022-09-01,4236,2037,2199
LTA Langkawi,2022-10-01,5028,2468,2560
LTA Langkawi,2022-11-01,5440,2609,2831
LTA Langkawi,2022-12-01,6532,3147,3385
LTA Langkawi,2023-01-01,5468,2592,2876
LTA Langkawi,2023-02-01,5323,2509,2814
LTA Langkawi,2023-03-01,5948,2829,3119
LTA Langkawi,2023-04-01,8074,3800,4274
LTA Langkawi,2023-05-01,8504,4602,3902
LTA Langkawi,2023-06-01,11497,5392,6105
LTA Langkawi,2023-07-01,10052,4637,5415
LTA Langkawi,2023-08-01,9105,4259,4846
LTA Langkawi,2023-09-01,8035,3800,4235
LTA Langkawi,2023-10-01,8044,3852,4192
LTA Langkawi,2023-11-01,9958,4669,5289
LTA Subang Terminal 3,2020-01-01,5776,3321,2455
LTA Subang Terminal 3,2020-02-01,3532,2323,1209
LTA Subang Terminal 3,2020-03-01,1343,929,414
LTA Subang Terminal 3,2020-04-01,1,1,0
LTA Subang Terminal 3,2020-05-01,2,1,1
LTA Subang Terminal 3,2020-06-01,13,12,1
LTA Subang Terminal 3,2020-07-01,20,14,6
LTA Subang Terminal 3,2020-08-01,12,8,4
LTA Subang Terminal 3,2020-09-01,25,16,9
LTA Subang Terminal 3,2020-10-01,29,17,12
LTA Subang Terminal 3,2020-11-01,19,6,13
LTA Subang Terminal 3,2020-12-01,28,13,15
LTA Subang Terminal 3,2021-01-01,6,5,1
LTA Subang Terminal 3,2021-02-01,6,3,3
LTA Subang Terminal 3,2021-03-01,18,10,8
LTA Subang Terminal 3,2021-04-01,7,2,5
LTA Subang Terminal 3,2021-05-01,4,3,1
LTA Subang Terminal 3,2021-06-01,2,1,1
LTA Subang Terminal 3,2021-07-01,5,2,3
LTA Subang Terminal 3,2021-08-01,11,4,7
LTA Subang Terminal 3,2021-09-01,5,4,1
LTA Subang Terminal 3,2021-10-01,9,3,6
LTA Subang Terminal 3,2021-11-01,9,4,5
LTA Subang Terminal 3,2021-12-01,12,5,7
LTA Subang Terminal 3,2022-01-01,2,1,1
LTA Subang Terminal 3,2022-02-01,13,10,3
LTA Subang Terminal 3,2022-03-01,29,16,13
LTA Subang Terminal 3,2022-04-01,78,39,39
LTA Subang Terminal 3,2022-05-01,91,57,34
LTA Subang Terminal 3,2022-06-01,1114,641,473
LTA Subang Terminal 3,2022-07-01,2176,1233,943
LTA Subang Terminal 3,2022-08-01,2448,1436,1012
LTA Subang Terminal 3,2022-09-01,3474,2101,1373
LTA Subang Terminal 3,2022-10-01,3485,2066,1419
LTA Subang Terminal 3,2022-11-01,4596,2686,1910
LTA Subang Terminal 3,2022-12-01,5969,3143,2826
LTA Subang Terminal 3,2023-01-01,5088,2844,2244
LTA Subang Terminal 3,2023-02-01,4568,2675,1893
LTA Subang Terminal 3,2023-03-01,5329,3018,2311
LTA Subang Terminal 3,2023-04-01,4473,2512,1961
LTA Subang Terminal 3,2023-05-01,5040,2981,2059
LTA Subang Terminal 3,2023-06-01,6224,3374,2850
LTA Subang Terminal 3,2023-07-01,5630,3159,2471
LTA Subang Terminal 3,2023-08-01,4955,2881,2074
LTA Subang Terminal 3,2023-09-01,5219,3067,2152
LTA Subang Terminal 3,2023-10-01,4953,2945,2008
LTA Subang Terminal 3,2023-11-01,5596,3344,2252
LTA Sultan Ismail,2020-01-01,372,181,191
LTA Sultan Ismail,2020-02-01,169,92,77
LTA Sultan Ismail,2020-03-01,256,120,136
LTA Sultan Ismail,2020-04-01,0,0,0
LTA Sultan Ismail,2020-05-01,0,0,0
LTA Sultan Ismail,2020-06-01,0,0,0
LTA Sultan Ismail,2020-07-01,0,0,0
LTA Sultan Ismail,2020-08-01,0,0,0
LTA Sultan Ismail,2020-09-01,0,0,0
LTA Sultan Ismail,2020-10-01,0,0,0
LTA Sultan Ismail,2020-11-01,3,2,1
LTA Sultan Ismail,2020-12-01,0,0,0
LTA Sultan Ismail,2021-01-01,0,0,0
LTA Sultan Ismail,2021-02-01,0,0,0
LTA Sultan Ismail,2021-03-01,0,0,0
LTA Sultan Ismail,2021-04-01,0,0,0
LTA Sultan Ismail,2021-05-01,1,1,0
LTA Sultan Ismail,2021-06-01,0,0,0
LTA Sultan Ismail,2021-07-01,0,0,0
LTA Sultan Ismail,2021-08-01,0,0,0
LTA Sultan Ismail,2021-09-01,6,4,2
LTA Sultan Ismail,2021-10-01,0,0,0
LTA Sultan Ismail,2021-11-01,0,0,0
LTA Sultan Ismail,2021-12-01,0,0,0
LTA Sultan Ismail,2022-01-01,0,0,0
LTA Sultan Ismail,2022-02-01,10,6,4
LTA Sultan Ismail,2022-03-01,1,0,1
LTA Sultan Ismail,2022-04-01,7,6,1
LTA Sultan Ismail,2022-05-01,0,0,0
LTA Sultan Ismail,2022-06-01,2,2,0
LTA Sultan Ismail,2022-07-01,11,6,5
LTA Sultan Ismail,2022-08-01,0,0,0
LTA Sultan Ismail,2022-09-01,3,2,1
LTA Sultan Ismail,2022-10-01,7,4,3
LTA Sultan Ismail,2022-11-01,5,3,2
LTA Sultan Ismail,2022-12-01,0,0,0
LTA Sultan Ismail,2023-01-01,10,7,3
LTA Sultan Ismail,2023-02-01,0,0,0
LTA Sultan Ismail,2023-03-01,4,2,2
LTA Sultan Ismail,2023-04-01,16,6,10
LTA Sultan Ismail,2023-05-01,2,2,0
LTA Sultan Ismail,2023-06-01,1,1,0
LTA Sultan Ismail,2023-07-01,0,0,0
LTA Sultan Ismail,2023-08-01,5,5,0
LTA Sultan Ismail,2023-09-01,0,0,0
LTA Sultan Ismail,2023-10-01,4,2,2
LTA Sultan Ismail,2023-11-01,0,0,0
LTA Sultan Ismail Senai,2020-01-01,19891,9359,10532
LTA Sultan Ismail Senai,2020-02-01,8862,4073,4789
LTA Sultan Ismail Senai,2020-03-01,3061,1320,1741
LTA Sultan Ismail Senai,2020-04-01,0,0,0
LTA Sultan Ismail Senai,2020-05-01,0,0,0
LTA Sultan Ismail Senai,2020-06-01,0,0,0
LTA Sultan Ismail Senai,2020-07-01,6,4,2
LTA Sultan Ismail Senai,2020-08-01,0,0,0
LTA Sultan Ismail Senai,2020-09-01,3,0,3
LTA Sultan Ismail Senai,2020-10-01,0,0,0
LTA Sultan Ismail Senai,2020-11-01,5,5,0
LTA Sultan Ismail Senai,2020-12-01,0,0,0
LTA Sultan Ismail Senai,2021-01-01,3,1,2
LTA Sultan Ismail Senai,2021-02-01,0,0,0
LTA Sultan Ismail Senai,2021-03-01,21,20,1
LTA Sultan Ismail Senai,2021-04-01,0,0,0
LTA Sultan Ismail Senai,2021-05-01,0,0,0
LTA Sultan Ismail Senai,2021-06-01,1,1,0
LTA Sultan Ismail Senai,2021-07-01,8,8,0
LTA Sultan Ismail Senai,2021-08-01,5,5,0
LTA Sultan Ismail Senai,2021-09-01,1,0,1
LTA Sultan Ismail Senai,2021-10-01,0,0,0
LTA Sultan Ismail Senai,2021-11-01,0,0,0
LTA Sultan Ismail Senai,2021-12-01,2,2,0
LTA Sultan Ismail Senai,2022-01-01,10,7,3
LTA Sultan Ismail Senai,2022-02-01,0,0,0
LTA Sultan Ismail Senai,2022-03-01,1,1,0
LTA Sultan Ismail Senai,2022-04-01,1357,507,850
LTA Sultan Ismail Senai,2022-05-01,2226,857,1369
LTA Sultan Ismail Senai,2022-06-01,3777,1666,2111
LTA Sultan Ismail Senai,2022-07-01,5058,2119,2939
LTA Sultan Ismail Senai,2022-08-01,5119,2132,2987
LTA Sultan Ismail Senai,2022-09-01,5238,2192,3046
LTA Sultan Ismail Senai,2022-10-01,6108,2721,3387
LTA Sultan Ismail Senai,2022-11-01,5994,2667,3327
LTA Sultan Ismail Senai,2022-12-01,6178,2513,3665
LTA Sultan Ismail Senai,2023-01-01,7485,3305,4180
LTA Sultan Ismail Senai,2023-02-01,7461,3440,4021
LTA Sultan Ismail Senai,2023-03-01,7433,3273,4160
LTA Sultan Ismail Senai,2023-04-01,9850,4545,5305
LTA Sultan Ismail Senai,2023-05-01,10006,4906,5100
LTA Sultan Ismail Senai,2023-06-01,10701,5187,5514
LTA Sultan Ismail Senai,2023-07-01,12440,5929,6511
LTA Sultan Ismail Senai,2023-08-01,11623,5514,6109
LTA Sultan Ismail Senai,2023-09-01,11277,5544,5733
LTA Sultan Ismail Senai,2023-10-01,11661,5719,5942
LTA Sultan Ismail Senai,2023-11-01,12418,5931,6487
Linggi,2020-01-01,8,7,1
Linggi,2020-02-01,0,0,0
Linggi,2020-03-01,0,0,0
Linggi,2020-04-01,0,0,0
Linggi,2020-05-01,0,0,0
Linggi,2020-06-01,0,0,0
Linggi,2020-07-01,0,0,0
Linggi,2020-08-01,0,0,0
Linggi,2020-09-01,0,0,0
Linggi,2020-10-01,0,0,0
Linggi,2020-11-01,0,0,0
Linggi,2020-12-01,0,0,0
Linggi,2021-01-01,0,0,0
Linggi,2021-02-01,0,0,0
Linggi,2021-03-01,0,0,0
Linggi,2021-04-01,0,0,0
Linggi,2021-05-01,0,0,0
Linggi,2021-06-01,0,0,0
Linggi,2021-07-01,0,0,0
Linggi,2021-08-01,0,0,0
Linggi,2021-09-01,0,0,0
Linggi,2021-10-01,0,0,0
Linggi,2021-11-01,0,0,0
Linggi,2021-12-01,0,0,0
Linggi,2022-01-01,0,0,0
Linggi,2022-02-01,0,0,0
Linggi,2022-03-01,0,0,0
Linggi,2022-04-01,0,0,0
Linggi,2022-05-01,0,0,0
Linggi,2022-06-01,0,0,0
Linggi,2022-07-01,0,0,0
Linggi,2022-08-01,2,2,0
Linggi,2022-09-01,0,0,0
Linggi,2022-10-01,0,0,0
Linggi,2022-11-01,0,0,0
Linggi,2022-12-01,1,1,0
Linggi,2023-01-01,0,0,0
Linggi,2023-02-01,0,0,0
Linggi,2023-03-01,0,0,0
Linggi,2023-04-01,0,0,0
Linggi,2023-05-01,0,0,0
Linggi,2023-06-01,0,0,0
Linggi,2023-07-01,0,0,0
Linggi,2023-08-01,0,0,0
Linggi,2023-09-01,0,0,0
Linggi,2023-10-01,0,0,0
Linggi,2023-11-01,0,0,0
Lubok Antu,2020-01-01,1162,825,337
Lubok Antu,2020-02-01,1268,895,373
Lubok Antu,2020-03-01,629,468,161
Lubok Antu,2020-04-01,0,0,0
Lubok Antu,2020-05-01,0,0,0
Lubok Antu,2020-06-01,0,0,0
Lubok Antu,2020-07-01,1,0,1
Lubok Antu,2020-08-01,0,0,0
Lubok Antu,2020-09-01,0,0,0
Lubok Antu,2020-10-01,0,0,0
Lubok Antu,2020-11-01,0,0,0
Lubok Antu,2020-12-01,0,0,0
Lubok Antu,2021-01-01,0,0,0
Lubok Antu,2021-02-01,0,0,0
Lubok Antu,2021-03-01,0,0,0
Lubok Antu,2021-04-01,0,0,0
Lubok Antu,2021-05-01,0,0,0
Lubok Antu,2021-06-01,0,0,0
Lubok Antu,2021-07-01,0,0,0
Lubok Antu,2021-08-01,0,0,0
Lubok Antu,2021-09-01,0,0,0
Lubok Antu,2021-10-01,0,0,0
Lubok Antu,2021-11-01,0,0,0
Lubok Antu,2021-12-01,0,0,0
Lubok Antu,2022-01-01,0,0,0
Lubok Antu,2022-02-01,0,0,0
Lubok Antu,2022-03-01,0,0,0
Lubok Antu,2022-04-01,0,0,0
Lubok Antu,2022-05-01,0,0,0
Lubok Antu,2022-06-01,0,0,0
Lubok Antu,2022-07-01,65,28,37
Lubok Antu,2022-08-01,1326,687,639
Lubok Antu,2022-09-01,1649,925,724
Lubok Antu,2022-10-01,2023,1178,845
Lubok Antu,2022-11-01,2161,1174,987
Lubok Antu,2022-12-01,3007,1481,1526
Lubok Antu,2023-01-01,2714,1535,1179
Lubok Antu,2023-02-01,2599,1430,1169
Lubok Antu,2023-03-01,2947,1664,1283
Lubok Antu,2023-04-01,3438,1849,1589
Lubok Antu,2023-05-01,3177,1767,1410
Lubok Antu,2023-06-01,3374,1844,1530
Lubok Antu,2023-07-01,3603,1935,1668
Lubok Antu,2023-08-01,3051,1715,1336
Lubok Antu,2023-09-01,3089,1748,1341
Lubok Antu,2023-10-01,3445,2035,1410
Lubok Antu,2023-11-01,3175,1865,1310
Lumut,2020-01-01,4,2,2
Lumut,2020-02-01,2,2,0
Lumut,2020-03-01,4,3,1
Lumut,2020-04-01,0,0,0
Lumut,2020-05-01,0,0,0
Lumut,2020-06-01,0,0,0
Lumut,2020-07-01,0,0,0
Lumut,2020-08-01,0,0,0
Lumut,2020-09-01,0,0,0
Lumut,2020-10-01,2,1,1
Lumut,2020-11-01,2,1,1
Lumut,2020-12-01,6,3,3
Lumut,2021-01-01,6,3,3
Lumut,2021-02-01,1,1,0
Lumut,2021-03-01,0,0,0
Lumut,2021-04-01,0,0,0
Lumut,2021-05-01,0,0,0
Lumut,2021-06-01,0,0,0
Lumut,2021-07-01,0,0,0
Lumut,2021-08-01,0,0,0
Lumut,2021-09-01,0,0,0
Lumut,2021-10-01,0,0,0
Lumut,2021-11-01,0,0,0
Lumut,2021-12-01,1,0,1
Lumut,2022-01-01,0,0,0
Lumut,2022-02-01,0,0,0
Lumut,2022-03-01,2,1,1
Lumut,2022-04-01,14,10,4
Lumut,2022-05-01,2,2,0
Lumut,2022-06-01,0,0,0
Lumut,2022-07-01,4,2,2
Lumut,2022-08-01,11,8,3
Lumut,2022-09-01,0,0,0
Lumut,2022-10-01,5,4,1
Lumut,2022-11-01,7,3,4
Lumut,2022-12-01,13,9,4
Lumut,2023-01-01,12,9,3
Lumut,2023-02-01,1,1,0
Lumut,2023-03-01,7,4,3
Lumut,2023-04-01,3,1,2
Lumut,2023-05-01,2,1,1
Lumut,2023-06-01,15,13,2
Lumut,2023-07-01,7,5,2
Lumut,2023-08-01,5,4,1
Lumut,2023-09-01,3,1,2
Lumut,2023-10-01,0,0,0
Lumut,2023-11-01,8,7,1
Merapok,2020-01-01,0,0,0
Merapok,2020-02-01,0,0,0
Merapok,2020-03-01,3,3,0
Merapok,2020-04-01,0,0,0
Merapok,2020-05-01,0,0,0
Merapok,2020-06-01,0,0,0
Merapok,2020-07-01,0,0,0
Merapok,2020-08-01,0,0,0
Merapok,2020-09-01,0,0,0
Merapok,2020-10-01,0,0,0
Merapok,2020-11-01,0,0,0
Merapok,2020-12-01,0,0,0
Merapok,2021-01-01,0,0,0
Merapok,2021-02-01,0,0,0
Merapok,2021-03-01,0,0,0
Merapok,2021-04-01,0,0,0
Merapok,2021-05-01,0,0,0
Merapok,2021-06-01,0,0,0
Merapok,2021-07-01,0,0,0
Merapok,2021-08-01,0,0,0
Merapok,2021-09-01,0,0,0
Merapok,2021-10-01,0,0,0
Merapok,2021-11-01,0,0,0
Merapok,2021-12-01,0,0,0
Merapok,2022-01-01,1,0,1
Merapok,2022-02-01,4,1,3
Merapok,2022-03-01,2,0,2
Merapok,2022-04-01,0,0,0
Merapok,2022-05-01,0,0,0
Merapok,2022-06-01,0,0,0
Merapok,2022-07-01,2,2,0
Merapok,2022-08-01,5,2,3
Merapok,2022-09-01,6,5,1
Merapok,2022-10-01,5,4,1
Merapok,2022-11-01,6,3,3
Merapok,2022-12-01,24,14,10
Merapok,2023-01-01,10,5,5
Merapok,2023-02-01,11,4,7
Merapok,2023-03-01,13,5,8
Merapok,2023-04-01,173,92,81
Merapok,2023-05-01,19,8,11
Merapok,2023-06-01,11,5,6
Merapok,2023-07-01,11,6,5
Merapok,2023-08-01,6,2,4
Merapok,2023-09-01,2,0,2
Merapok,2023-10-01,8,4,4
Merapok,2023-11-01,1,1,0
Padang Besar,2020-01-01,43359,24284,19075
Padang Besar,2020-02-01,37974,21322,16652
Padang Besar,2020-03-01,24640,13769,10871
Padang Besar,2020-04-01,1,0,1
Padang Besar,2020-05-01,24,3,21
Padang Besar,2020-06-01,0,0,0
Padang Besar,2020-07-01,2561,2510,51
Padang Besar,2020-08-01,4319,4195,124
Padang Besar,2020-09-01,5202,5042,160
Padang Besar,2020-10-01,5467,5253,214
Padang Besar,2020-11-01,6796,6467,329
Padang Besar,2020-12-01,8793,8411,382
Padang Besar,2021-01-01,9933,9483,450
Padang Besar,2021-02-01,9335,8951,384
Padang Besar,2021-03-01,10974,10616,358
Padang Besar,2021-04-01,8159,7879,280
Padang Besar,2021-05-01,8617,8382,235
Padang Besar,2021-06-01,7248,7164,84
Padang Besar,2021-07-01,6961,6879,82
Padang Besar,2021-08-01,7382,7321,61
Padang Besar,2021-09-01,7743,7662,81
Padang Besar,2021-10-01,7956,7845,111
Padang Besar,2021-11-01,7403,7291,112
Padang Besar,2021-12-01,9208,9061,147
Padang Besar,2022-01-01,9167,9011,156
Padang Besar,2022-02-01,8532,8416,116
Padang Besar,2022-03-01,10163,10007,156
Padang Besar,2022-04-01,9261,9140,121
Padang Besar,2022-05-01,23982,16919,7063
Padang Besar,2022-06-01,39230,25440,13790
Padang Besar,2022-07-01,45548,29038,16510
Padang Besar,2022-08-01,60456,36664,23792
Padang Besar,2022-09-01,42893,26039,16854
Padang Besar,2022-10-01,52870,31001,21869
Padang Besar,2022-11-01,49476,30521,18955
Padang Besar,2022-12-01,48346,29635,18711
Padang Besar,2023-01-01,52875,32124,20751
Padang Besar,2023-02-01,50171,30556,19615
Padang Besar,2023-03-01,62513,37862,24651
Padang Besar,2023-04-01,48008,27584,20424
Padang Besar,2023-05-01,56591,33954,22637
Padang Besar,2023-06-01,41613,24026,17587
Padang Besar,2023-07-01,57792,33633,24159
Padang Besar,2023-08-01,41992,23916,18076
Padang Besar,2023-09-01,48264,27727,20537
Padang Besar,2023-10-01,54746,29939,24807
Padang Besar,2023-11-01,51931,29885,22046
Pandaruan,2020-01-01,13112,7690,5422
Pandaruan,2020-02-01,15751,9684,6067
Pandaruan,2020-03-01,7400,4430,2970
Pandaruan,2020-04-01,5,4,1
Pandaruan,2020-05-01,4,0,4
Pandaruan,2020-06-01,11,5,6
Pandaruan,2020-07-01,14,9,5
Pandaruan,2020-08-01,8,4,4
Pandaruan,2020-09-01,10,3,7
Pandaruan,2020-10-01,0,0,0
Pandaruan,2020-11-01,0,0,0
Pandaruan,2020-12-01,5,2,3
Pandaruan,2021-01-01,0,0,0
Pandaruan,2021-02-01,1,1,0
Pandaruan,2021-03-01,1,1,0
Pandaruan,2021-04-01,0,0,0
Pandaruan,2021-05-01,0,0,0
Pandaruan,2021-06-01,1,0,1
Pandaruan,2021-07-01,1,0,1
Pandaruan,2021-08-01,0,0,0
Pandaruan,2021-09-01,0,0,0
Pandaruan,2021-10-01,0,0,0
Pandaruan,2021-11-01,2,1,1
Pandaruan,2021-12-01,0,0,0
Pandaruan,2022-01-01,2,0,2
Pandaruan,2022-02-01,0,0,0
Pandaruan,2022-03-01,1,0,1
Pandaruan,2022-04-01,1,1,0
Pandaruan,2022-05-01,12,8,4
Pandaruan,2022-06-01,56,33,23
Pandaruan,2022-07-01,262,132,130
Pandaruan,2022-08-01,2700,1435,1265
Pandaruan,2022-09-01,5624,3010,2614
Pandaruan,2022-10-01,7121,3760,3361
Pandaruan,2022-11-01,6274,3275,2999
Pandaruan,2022-12-01,15522,7958,7564
Pandaruan,2023-01-01,12201,6405,5796
Pandaruan,2023-02-01,11349,5941,5408
Pandaruan,2023-03-01,11745,6338,5407
Pandaruan,2023-04-01,16266,8510,7756
Pandaruan,2023-05-01,13921,7490,6431
Pandaruan,2023-06-01,15270,8096,7174
Pandaruan,2023-07-01,15631,8114,7517
Pandaruan,2023-08-01,14953,8036,6917
Pandaruan,2023-09-01,16646,8833,7813
Pandaruan,2023-10-01,9140,5070,4070
Pandaruan,2023-11-01,15878,8362,7516
Pasir Gudang,2020-01-01,143,143,0
Pasir Gudang,2020-02-01,285,279,6
Pasir Gudang,2020-03-01,136,136,0
Pasir Gudang,2020-04-01,5,5,0
Pasir Gudang,2020-05-01,24,24,0
Pasir Gudang,2020-06-01,103,103,0
Pasir Gudang,2020-07-01,151,150,1
Pasir Gudang,2020-08-01,31,31,0
Pasir Gudang,2020-09-01,31,22,9
Pasir Gudang,2020-10-01,31,31,0
Pasir Gudang,2020-11-01,107,106,1
Pasir Gudang,2020-12-01,74,74,0
Pasir Gudang,2021-01-01,56,55,1
Pasir Gudang,2021-02-01,41,41,0
Pasir Gudang,2021-03-01,23,23,0
Pasir Gudang,2021-04-01,25,24,1
Pasir Gudang,2021-05-01,67,66,1
Pasir Gudang,2021-06-01,14,14,0
Pasir Gudang,2021-07-01,7,7,0
Pasir Gudang,2021-08-01,1,1,0
Pasir Gudang,2021-09-01,1,1,0
Pasir Gudang,2021-10-01,0,0,0
Pasir Gudang,2021-11-01,0,0,0
Pasir Gudang,2021-12-01,1,1,0
Pasir Gudang,2022-01-01,0,0,0
Pasir Gudang,2022-02-01,0,0,0
Pasir Gudang,2022-03-01,1,1,0
Pasir Gudang,2022-04-01,2,2,0
Pasir Gudang,2022-05-01,6,6,0
Pasir Gudang,2022-06-01,4,3,1
Pasir Gudang,2022-07-01,1,1,0
Pasir Gudang,2022-08-01,1,1,0
Pasir Gudang,2022-09-01,0,0,0
Pasir Gudang,2022-10-01,7,7,0
Pasir Gudang,2022-11-01,4,3,1
Pasir Gudang,2022-12-01,19,19,0
Pasir Gudang,2023-01-01,6,6,0
Pasir Gudang,2023-02-01,7,6,1
Pasir Gudang,2023-03-01,6,6,0
Pasir Gudang,2023-04-01,5,5,0
Pasir Gudang,2023-05-01,23,20,3
Pasir Gudang,2023-06-01,57,55,2
Pasir Gudang,2023-07-01,3,3,0
Pasir Gudang,2023-08-01,0,0,0
Pasir Gudang,2023-09-01,0,0,0
Pasir Gudang,2023-10-01,0,0,0
Pasir Gudang,2023-11-01,8,6,2
Pejabat Imigresen Desaru Coast,2020-01-01,0,0,0
Pejabat Imigresen Desaru Coast,2020-02-01,0,0,0
Pejabat Imigresen Desaru Coast,2020-03-01,0,0,0
Pejabat Imigresen Desaru Coast,2020-04-01,0,0,0
Pejabat Imigresen Desaru Coast,2020-05-01,0,0,0
Pejabat Imigresen Desaru Coast,2020-06-01,0,0,0
Pejabat Imigresen Desaru Coast,2020-07-01,0,0,0
Pejabat Imigresen Desaru Coast,2020-08-01,0,0,0
Pejabat Imigresen Desaru Coast,2020-09-01,0,0,0
Pejabat Imigresen Desaru Coast,2020-10-01,0,0,0
Pejabat Imigresen Desaru Coast,2020-11-01,0,0,0
Pejabat Imigresen Desaru Coast,2020-12-01,0,0,0
Pejabat Imigresen Desaru Coast,2021-01-01,0,0,0
Pejabat Imigresen Desaru Coast,2021-02-01,0,0,0
Pejabat Imigresen Desaru Coast,2021-03-01,0,0,0
Pejabat Imigresen Desaru Coast,2021-04-01,0,0,0
Pejabat Imigresen Desaru Coast,2021-05-01,0,0,0
Pejabat Imigresen Desaru Coast,2021-06-01,0,0,0
Pejabat Imigresen Desaru Coast,2021-07-01,0,0,0
Pejabat Imigresen Desaru Coast,2021-08-01,0,0,0
Pejabat Imigresen Desaru Coast,2021-09-01,0,0,0
Pejabat Imigresen Desaru Coast,2021-10-01,0,0,0
Pejabat Imigresen Desaru Coast,2021-11-01,0,0,0
Pejabat Imigresen Desaru Coast,2021-12-01,0,0,0
Pejabat Imigresen Desaru Coast,2022-01-01,0,0,0
Pejabat Imigresen Desaru Coast,2022-02-01,0,0,0
Pejabat Imigresen Desaru Coast,2022-03-01,0,0,0
Pejabat Imigresen Desaru Coast,2022-04-01,0,0,0
Pejabat Imigresen Desaru Coast,2022-05-01,0,0,0
Pejabat Imigresen Desaru Coast,2022-06-01,68,39,29
Pejabat Imigresen Desaru Coast,2022-07-01,835,434,401
Pejabat Imigresen Desaru Coast,2022-08-01,1166,615,551
Pejabat Imigresen Desaru Coast,2022-09-01,1672,800,872
Pejabat Imigresen Desaru Coast,2022-10-01,1678,767,911
Pejabat Imigresen Desaru Coast,2022-11-01,1338,689,649
Pejabat Imigresen Desaru Coast,2022-12-01,401,180,221
Pejabat Imigresen Desaru Coast,2023-01-01,184,87,97
Pejabat Imigresen Desaru Coast,2023-02-01,233,109,124
Pejabat Imigresen Desaru Coast,2023-03-01,1071,520,551
Pejabat Imigresen Desaru Coast,2023-04-01,2077,1038,1039
Pejabat Imigresen Desaru Coast,2023-05-01,1007,497,510
Pejabat Imigresen Desaru Coast,2023-06-01,2810,1389,1421
Pejabat Imigresen Desaru Coast,2023-07-01,514,266,248
Pejabat Imigresen Desaru Coast,2023-08-01,1038,538,500
Pejabat Imigresen Desaru Coast,2023-09-01,1425,661,764
Pejabat Imigresen Desaru Coast,2023-10-01,1209,592,617
Pejabat Imigresen Desaru Coast,2023-11-01,1498,756,742
Pejabat Imigresen Port Swettenham,2020-01-01,275,130,145
Pejabat Imigresen Port Swettenham,2020-02-01,55,29,26
Pejabat Imigresen Port Swettenham,2020-03-01,4,4,0
Pejabat Imigresen Port Swettenham,2020-04-01,0,0,0
Pejabat Imigresen Port Swettenham,2020-05-01,0,0,0
Pejabat Imigresen Port Swettenham,2020-06-01,0,0,0
Pejabat Imigresen Port Swettenham,2020-07-01,0,0,0
Pejabat Imigresen Port Swettenham,2020-08-01,0,0,0
Pejabat Imigresen Port Swettenham,2020-09-01,0,0,0
Pejabat Imigresen Port Swettenham,2020-10-01,0,0,0
Pejabat Imigresen Port Swettenham,2020-11-01,0,0,0
Pejabat Imigresen Port Swettenham,2020-12-01,0,0,0
Pejabat Imigresen Port Swettenham,2021-01-01,2,2,0
Pejabat Imigresen Port Swettenham,2021-02-01,0,0,0
Pejabat Imigresen Port Swettenham,2021-03-01,2,2,0
Pejabat Imigresen Port Swettenham,2021-04-01,0,0,0
Pejabat Imigresen Port Swettenham,2021-05-01,0,0,0
Pejabat Imigresen Port Swettenham,2021-06-01,1,0,1
Pejabat Imigresen Port Swettenham,2021-07-01,0,0,0
Pejabat Imigresen Port Swettenham,2021-08-01,0,0,0
Pejabat Imigresen Port Swettenham,2021-09-01,0,0,0
Pejabat Imigresen Port Swettenham,2021-10-01,0,0,0
Pejabat Imigresen Port Swettenham,2021-11-01,0,0,0
Pejabat Imigresen Port Swettenham,2021-12-01,0,0,0
Pejabat Imigresen Port Swettenham,2022-01-01,0,0,0
Pejabat Imigresen Port Swettenham,2022-02-01,0,0,0
Pejabat Imigresen Port Swettenham,2022-03-01,0,0,0
Pejabat Imigresen Port Swettenham,2022-04-01,0,0,0
Pejabat Imigresen Port Swettenham,2022-05-01,0,0,0
Pejabat Imigresen Port Swettenham,2022-06-01,1,1,0
Pejabat Imigresen Port Swettenham,2022-07-01,27,15,12
Pejabat Imigresen Port Swettenham,2022-08-01,6,3,3
Pejabat Imigresen Port Swettenham,2022-09-01,47,7,40
Pejabat Imigresen Port Swettenham,2022-10-01,11,4,7
Pejabat Imigresen Port Swettenham,2022-11-01,5,3,2
Pejabat Imigresen Port Swettenham,2022-12-01,28,17,11
Pejabat Imigresen Port Swettenham,2023-01-01,46,23,23
Pejabat Imigresen Port Swettenham,2023-02-01,42,25,17
Pejabat Imigresen Port Swettenham,2023-03-01,49,31,18
Pejabat Imigresen Port Swettenham,2023-04-01,21,14,7
Pejabat Imigresen Port Swettenham,2023-05-01,30,18,12
Pejabat Imigresen Port Swettenham,2023-06-01,16,7,9
Pejabat Imigresen Port Swettenham,2023-07-01,11,5,6
Pejabat Imigresen Port Swettenham,2023-08-01,12,7,5
Pejabat Imigresen Port Swettenham,2023-09-01,13,7,6
Pejabat Imigresen Port Swettenham,2023-10-01,18,11,7
Pejabat Imigresen Port Swettenham,2023-11-01,15,11,4
Pelabuhan Batu Pahat,2020-01-01,0,0,0
Pelabuhan Batu Pahat,2020-02-01,0,0,0
Pelabuhan Batu Pahat,2020-03-01,23,22,1
Pelabuhan Batu Pahat,2020-04-01,0,0,0
Pelabuhan Batu Pahat,2020-05-01,0,0,0
Pelabuhan Batu Pahat,2020-06-01,0,0,0
Pelabuhan Batu Pahat,2020-07-01,0,0,0
Pelabuhan Batu Pahat,2020-08-01,0,0,0
Pelabuhan Batu Pahat,2020-09-01,0,0,0
Pelabuhan Batu Pahat,2020-10-01,0,0,0
Pelabuhan Batu Pahat,2020-11-01,0,0,0
Pelabuhan Batu Pahat,2020-12-01,0,0,0
Pelabuhan Batu Pahat,2021-01-01,0,0,0
Pelabuhan Batu Pahat,2021-02-01,0,0,0
Pelabuhan Batu Pahat,2021-03-01,0,0,0
Pelabuhan Batu Pahat,2021-04-01,0,0,0
Pelabuhan Batu Pahat,2021-05-01,0,0,0
Pelabuhan Batu Pahat,2021-06-01,0,0,0
Pelabuhan Batu Pahat,2021-07-01,0,0,0
Pelabuhan Batu Pahat,2021-08-01,0,0,0
Pelabuhan Batu Pahat,2021-09-01,0,0,0
Pelabuhan Batu Pahat,2021-10-01,0,0,0
Pelabuhan Batu Pahat,2021-11-01,0,0,0
Pelabuhan Batu Pahat,2021-12-01,0,0,0
Pelabuhan Batu Pahat,2022-01-01,0,0,0
Pelabuhan Batu Pahat,2022-02-01,0,0,0
Pelabuhan Batu Pahat,2022-03-01,0,0,0
Pelabuhan Batu Pahat,2022-04-01,0,0,0
Pelabuhan Batu Pahat,2022-05-01,0,0,0
Pelabuhan Batu Pahat,2022-06-01,1,1,0
Pelabuhan Batu Pahat,2022-07-01,0,0,0
Pelabuhan Batu Pahat,2022-08-01,0,0,0
Pelabuhan Batu Pahat,2022-09-01,0,0,0
Pelabuhan Batu Pahat,2022-10-01,0,0,0
Pelabuhan Batu Pahat,2022-11-01,0,0,0
Pelabuhan Batu Pahat,2022-12-01,0,0,0
Pelabuhan Batu Pahat,2023-01-01,0,0,0
Pelabuhan Batu Pahat,2023-02-01,0,0,0
Pelabuhan Batu Pahat,2023-03-01,0,0,0
Pelabuhan Batu Pahat,2023-04-01,0,0,0
Pelabuhan Batu Pahat,2023-05-01,0,0,0
Pelabuhan Batu Pahat,2023-06-01,0,0,0
Pelabuhan Batu Pahat,2023-07-01,0,0,0
Pelabuhan Batu Pahat,2023-08-01,0,0,0
Pelabuhan Batu Pahat,2023-09-01,0,0,0
Pelabuhan Batu Pahat,2023-10-01,0,0,0
Pelabuhan Batu Pahat,2023-11-01,0,0,0
Pelabuhan Kemaman,2020-01-01,0,0,0
Pelabuhan Kemaman,2020-02-01,1,1,0
Pelabuhan Kemaman,2020-03-01,25,24,1
Pelabuhan Kemaman,2020-04-01,0,0,0
Pelabuhan Kemaman,2020-05-01,0,0,0
Pelabuhan Kemaman,2020-06-01,1,1,0
Pelabuhan Kemaman,2020-07-01,0,0,0
Pelabuhan Kemaman,2020-08-01,0,0,0
Pelabuhan Kemaman,2020-09-01,0,0,0
Pelabuhan Kemaman,2020-10-01,0,0,0
Pelabuhan Kemaman,2020-11-01,0,0,0
Pelabuhan Kemaman,2020-12-01,0,0,0
Pelabuhan Kemaman,2021-01-01,0,0,0
Pelabuhan Kemaman,2021-02-01,0,0,0
Pelabuhan Kemaman,2021-03-01,0,0,0
Pelabuhan Kemaman,2021-04-01,0,0,0
Pelabuhan Kemaman,2021-05-01,0,0,0
Pelabuhan Kemaman,2021-06-01,0,0,0
Pelabuhan Kemaman,2021-07-01,0,0,0
Pelabuhan Kemaman,2021-08-01,0,0,0
Pelabuhan Kemaman,2021-09-01,0,0,0
Pelabuhan Kemaman,2021-10-01,0,0,0
Pelabuhan Kemaman,2021-11-01,0,0,0
Pelabuhan Kemaman,2021-12-01,0,0,0
Pelabuhan Kemaman,2022-01-01,0,0,0
Pelabuhan Kemaman,2022-02-01,0,0,0
Pelabuhan Kemaman,2022-03-01,0,0,0
Pelabuhan Kemaman,2022-04-01,2,2,0
Pelabuhan Kemaman,2022-05-01,0,0,0
Pelabuhan Kemaman,2022-06-01,6,6,0
Pelabuhan Kemaman,2022-07-01,0,0,0
Pelabuhan Kemaman,2022-08-01,0,0,0
Pelabuhan Kemaman,2022-09-01,9,9,0
Pelabuhan Kemaman,2022-10-01,0,0,0
Pelabuhan Kemaman,2022-11-01,4,4,0
Pelabuhan Kemaman,2022-12-01,0,0,0
Pelabuhan Kemaman,2023-01-01,0,0,0
Pelabuhan Kemaman,2023-02-01,3,3,0
Pelabuhan Kemaman,2023-03-01,18,18,0
Pelabuhan Kemaman,2023-04-01,1,1,0
Pelabuhan Kemaman,2023-05-01,1,1,0
Pelabuhan Kemaman,2023-06-01,1,1,0
Pelabuhan Kemaman,2023-07-01,1,1,0
Pelabuhan Kemaman,2023-08-01,0,0,0
Pelabuhan Kemaman,2023-09-01,0,0,0
Pelabuhan Kemaman,2023-10-01,0,0,0
Pelabuhan Kemaman,2023-11-01,0,0,0
Pelabuhan Klang Barat - KMT,2020-01-01,50,37,13
Pelabuhan Klang Barat - KMT,2020-02-01,39,32,7
Pelabuhan Klang Barat - KMT,2020-03-01,34,26,8
Pelabuhan Klang Barat - KMT,2020-04-01,0,0,0
Pelabuhan Klang Barat - KMT,2020-05-01,0,0,0
Pelabuhan Klang Barat - KMT,2020-06-01,0,0,0
Pelabuhan Klang Barat - KMT,2020-07-01,0,0,0
Pelabuhan Klang Barat - KMT,2020-08-01,0,0,0
Pelabuhan Klang Barat - KMT,2020-09-01,41,41,0
Pelabuhan Klang Barat - KMT,2020-10-01,139,139,0
Pelabuhan Klang Barat - KMT,2020-11-01,63,63,0
Pelabuhan Klang Barat - KMT,2020-12-01,50,50,0
Pelabuhan Klang Barat - KMT,2021-01-01,57,57,0
Pelabuhan Klang Barat - KMT,2021-02-01,90,90,0
Pelabuhan Klang Barat - KMT,2021-03-01,87,83,4
Pelabuhan Klang Barat - KMT,2021-04-01,72,72,0
Pelabuhan Klang Barat - KMT,2021-05-01,14,14,0
Pelabuhan Klang Barat - KMT,2021-06-01,2,2,0
Pelabuhan Klang Barat - KMT,2021-07-01,3,3,0
Pelabuhan Klang Barat - KMT,2021-08-01,1,1,0
Pelabuhan Klang Barat - KMT,2021-09-01,0,0,0
Pelabuhan Klang Barat - KMT,2021-10-01,0,0,0
Pelabuhan Klang Barat - KMT,2021-11-01,0,0,0
Pelabuhan Klang Barat - KMT,2021-12-01,0,0,0
Pelabuhan Klang Barat - KMT,2022-01-01,0,0,0
Pelabuhan Klang Barat - KMT,2022-02-01,0,0,0
Pelabuhan Klang Barat - KMT,2022-03-01,12,10,2
Pelabuhan Klang Barat - KMT,2022-04-01,1,1,0
Pelabuhan Klang Barat - KMT,2022-05-01,3,3,0
Pelabuhan Klang Barat - KMT,2022-06-01,3,3,0
Pelabuhan Klang Barat - KMT,2022-07-01,14,14,0
Pelabuhan Klang Barat - KMT,2022-08-01,16,16,0
Pelabuhan Klang Barat - KMT,2022-09-01,5,5,0
Pelabuhan Klang Barat - KMT,2022-10-01,1736,748,988
Pelabuhan Klang Barat - KMT,2022-11-01,25,21,4
Pelabuhan Klang Barat - KMT,2022-12-01,7765,3419,4346
Pelabuhan Klang Barat - KMT,2023-01-01,5371,2326,3045
Pelabuhan Klang Barat - KMT,2023-02-01,1985,810,1175
Pelabuhan Klang Barat - KMT,2023-03-01,1009,449,560
Pelabuhan Klang Barat - KMT,2023-04-01,6473,2787,3686
Pelabuhan Klang Barat - KMT,2023-05-01,8250,3552,4698
Pelabuhan Klang Barat - KMT,2023-06-01,6213,2800,3413
Pelabuhan Klang Barat - KMT,2023-07-01,2304,964,1340
Pelabuhan Klang Barat - KMT,2023-08-01,5217,2324,2893
Pelabuhan Klang Barat - KMT,2023-09-01,9366,4210,5156
Pelabuhan Klang Barat - KMT,2023-10-01,16,14,2
Pelabuhan Klang Barat - KMT,2023-11-01,3214,1390,1824
Pelabuhan Klang Barat - SCT,2020-01-01,38,21,17
Pelabuhan Klang Barat - SCT,2020-02-01,27,16,11
Pelabuhan Klang Barat - SCT,2020-03-01,0,0,0
Pelabuhan Klang Barat - SCT,2020-04-01,0,0,0
Pelabuhan Klang Barat - SCT,2020-05-01,0,0,0
Pelabuhan Klang Barat - SCT,2020-06-01,0,0,0
Pelabuhan Klang Barat - SCT,2020-07-01,0,0,0
Pelabuhan Klang Barat - SCT,2020-08-01,0,0,0
Pelabuhan Klang Barat - SCT,2020-09-01,0,0,0
Pelabuhan Klang Barat - SCT,2020-10-01,57,37,20
Pelabuhan Klang Barat - SCT,2020-11-01,0,0,0
Pelabuhan Klang Barat - SCT,2020-12-01,13,13,0
Pelabuhan Klang Barat - SCT,2021-01-01,0,0,0
Pelabuhan Klang Barat - SCT,2021-02-01,51,42,9
Pelabuhan Klang Barat - SCT,2021-03-01,4,4,0
Pelabuhan Klang Barat - SCT,2021-04-01,0,0,0
Pelabuhan Klang Barat - SCT,2021-05-01,0,0,0
Pelabuhan Klang Barat - SCT,2021-06-01,0,0,0
Pelabuhan Klang Barat - SCT,2021-07-01,0,0,0
Pelabuhan Klang Barat - SCT,2021-08-01,0,0,0
Pelabuhan Klang Barat - SCT,2021-09-01,0,0,0
Pelabuhan Klang Barat - SCT,2021-10-01,0,0,0
Pelabuhan Klang Barat - SCT,2021-11-01,0,0,0
Pelabuhan Klang Barat - SCT,2021-12-01,0,0,0
Pelabuhan Klang Barat - SCT,2022-01-01,0,0,0
Pelabuhan Klang Barat - SCT,2022-02-01,0,0,0
Pelabuhan Klang Barat - SCT,2022-03-01,0,0,0
Pelabuhan Klang Barat - SCT,2022-04-01,0,0,0
Pelabuhan Klang Barat - SCT,2022-05-01,0,0,0
Pelabuhan Klang Barat - SCT,2022-06-01,0,0,0
Pelabuhan Klang Barat - SCT,2022-07-01,869,408,461
Pelabuhan Klang Barat - SCT,2022-08-01,249,102,147
Pelabuhan Klang Barat - SCT,2022-09-01,631,286,345
Pelabuhan Klang Barat - SCT,2022-10-01,24288,10808,13480
Pelabuhan Klang Barat - SCT,2022-11-01,21910,9305,12605
Pelabuhan Klang Barat - SCT,2022-12-01,14894,6948,7946
Pelabuhan Klang Barat - SCT,2023-01-01,10837,4874,5963
Pelabuhan Klang Barat - SCT,2023-02-01,3759,1587,2172
Pelabuhan Klang Barat - SCT,2023-03-01,2097,929,1168
Pelabuhan Klang Barat - SCT,2023-04-01,952,399,553
Pelabuhan Klang Barat - SCT,2023-05-01,16287,7286,9001
Pelabuhan Klang Barat - SCT,2023-06-01,3839,1728,2111
Pelabuhan Klang Barat - SCT,2023-07-01,1054,537,517
Pelabuhan Klang Barat - SCT,2023-08-01,5981,2582,3399
Pelabuhan Klang Barat - SCT,2023-09-01,11764,5036,6728
Pelabuhan Klang Barat - SCT,2023-10-01,20,6,14
Pelabuhan Klang Barat - SCT,2023-11-01,1886,887,999
Pelabuhan Klang Selatan - Jeti,2020-01-01,3627,1944,1683
Pelabuhan Klang Selatan - Jeti,2020-02-01,3705,2098,1607
Pelabuhan Klang Selatan - Jeti,2020-03-01,1573,895,678
Pelabuhan Klang Selatan - Jeti,2020-04-01,0,0,0
Pelabuhan Klang Selatan - Jeti,2020-05-01,0,0,0
Pelabuhan Klang Selatan - Jeti,2020-06-01,0,0,0
Pelabuhan Klang Selatan - Jeti,2020-07-01,0,0,0
Pelabuhan Klang Selatan - Jeti,2020-08-01,0,0,0
Pelabuhan Klang Selatan - Jeti,2020-09-01,0,0,0
Pelabuhan Klang Selatan - Jeti,2020-10-01,0,0,0
Pelabuhan Klang Selatan - Jeti,2020-11-01,0,0,0
Pelabuhan Klang Selatan - Jeti,2020-12-01,0,0,0
Pelabuhan Klang Selatan - Jeti,2021-01-01,0,0,0
Pelabuhan Klang Selatan - Jeti,2021-02-01,0,0,0
Pelabuhan Klang Selatan - Jeti,2021-03-01,0,0,0
Pelabuhan Klang Selatan - Jeti,2021-04-01,0,0,0
Pelabuhan Klang Selatan - Jeti,2021-05-01,0,0,0
Pelabuhan Klang Selatan - Jeti,2021-06-01,0,0,0
Pelabuhan Klang Selatan - Jeti,2021-07-01,0,0,0
Pelabuhan Klang Selatan - Jeti,2021-08-01,0,0,0
Pelabuhan Klang Selatan - Jeti,2021-09-01,0,0,0
Pelabuhan Klang Selatan - Jeti,2021-10-01,0,0,0
Pelabuhan Klang Selatan - Jeti,2021-11-01,0,0,0
Pelabuhan Klang Selatan - Jeti,2021-12-01,0,0,0
Pelabuhan Klang Selatan - Jeti,2022-01-01,0,0,0
Pelabuhan Klang Selatan - Jeti,2022-02-01,0,0,0
Pelabuhan Klang Selatan - Jeti,2022-03-01,0,0,0
Pelabuhan Klang Selatan - Jeti,2022-04-01,0,0,0
Pelabuhan Klang Selatan - Jeti,2022-05-01,0,0,0
Pelabuhan Klang Selatan - Jeti,2022-06-01,0,0,0
Pelabuhan Klang Selatan - Jeti,2022-07-01,0,0,0
Pelabuhan Klang Selatan - Jeti,2022-08-01,0,0,0
Pelabuhan Klang Selatan - Jeti,2022-09-01,0,0,0
Pelabuhan Klang Selatan - Jeti,2022-10-01,0,0,0
Pelabuhan Klang Selatan - Jeti,2022-11-01,0,0,0
Pelabuhan Klang Selatan - Jeti,2022-12-01,0,0,0
Pelabuhan Klang Selatan - Jeti,2023-01-01,0,0,0
Pelabuhan Klang Selatan - Jeti,2023-02-01,0,0,0
Pelabuhan Klang Selatan - Jeti,2023-03-01,0,0,0
Pelabuhan Klang Selatan - Jeti,2023-04-01,0,0,0
Pelabuhan Klang Selatan - Jeti,2023-05-01,0,0,0
Pelabuhan Klang Selatan - Jeti,2023-06-01,0,0,0
Pelabuhan Klang Selatan - Jeti,2023-07-01,0,0,0
Pelabuhan Klang Selatan - Jeti,2023-08-01,0,0,0
Pelabuhan Klang Selatan - Jeti,2023-09-01,0,0,0
Pelabuhan Klang Selatan - Jeti,2023-10-01,0,0,0
Pelabuhan Klang Selatan - Jeti,2023-11-01,0,0,0
Pelabuhan Klang Utara,2020-01-01,18,16,2
Pelabuhan Klang Utara,2020-02-01,15,15,0
Pelabuhan Klang Utara,2020-03-01,7,7,0
Pelabuhan Klang Utara,2020-04-01,0,0,0
Pelabuhan Klang Utara,2020-05-01,0,0,0
Pelabuhan Klang Utara,2020-06-01,0,0,0
Pelabuhan Klang Utara,2020-07-01,0,0,0
Pelabuhan Klang Utara,2020-08-01,0,0,0
Pelabuhan Klang Utara,2020-09-01,0,0,0
Pelabuhan Klang Utara,2020-10-01,0,0,0
Pelabuhan Klang Utara,2020-11-01,0,0,0
Pelabuhan Klang Utara,2020-12-01,0,0,0
Pelabuhan Klang Utara,2021-01-01,0,0,0
Pelabuhan Klang Utara,2021-02-01,0,0,0
Pelabuhan Klang Utara,2021-03-01,0,0,0
Pelabuhan Klang Utara,2021-04-01,0,0,0
Pelabuhan Klang Utara,2021-05-01,0,0,0
Pelabuhan Klang Utara,2021-06-01,0,0,0
Pelabuhan Klang Utara,2021-07-01,0,0,0
Pelabuhan Klang Utara,2021-08-01,0,0,0
Pelabuhan Klang Utara,2021-09-01,0,0,0
Pelabuhan Klang Utara,2021-10-01,0,0,0
Pelabuhan Klang Utara,2021-11-01,0,0,0
Pelabuhan Klang Utara,2021-12-01,0,0,0
Pelabuhan Klang Utara,2022-01-01,0,0,0
Pelabuhan Klang Utara,2022-02-01,0,0,0
Pelabuhan Klang Utara,2022-03-01,0,0,0
Pelabuhan Klang Utara,2022-04-01,0,0,0
Pelabuhan Klang Utara,2022-05-01,4,4,0
Pelabuhan Klang Utara,2022-06-01,1,1,0
Pelabuhan Klang Utara,2022-07-01,7,7,0
Pelabuhan Klang Utara,2022-08-01,3,3,0
Pelabuhan Klang Utara,2022-09-01,14,14,0
Pelabuhan Klang Utara,2022-10-01,7,5,2
Pelabuhan Klang Utara,2022-11-01,45,31,14
Pelabuhan Klang Utara,2022-12-01,5443,2301,3142
Pelabuhan Klang Utara,2023-01-01,4456,2003,2453
Pelabuhan Klang Utara,2023-02-01,2393,1176,1217
Pelabuhan Klang Utara,2023-03-01,34,15,19
Pelabuhan Klang Utara,2023-04-01,5,5,0
Pelabuhan Klang Utara,2023-05-01,8,7,1
Pelabuhan Klang Utara,2023-06-01,1,1,0
Pelabuhan Klang Utara,2023-07-01,4,4,0
Pelabuhan Klang Utara,2023-08-01,14,13,1
Pelabuhan Klang Utara,2023-09-01,1,0,1
Pelabuhan Klang Utara,2023-10-01,9,7,2
Pelabuhan Klang Utara,2023-11-01,33,30,3
Pelabuhan Kuantan,2020-01-01,25,24,1
Pelabuhan Kuantan,2020-02-01,55,55,0
Pelabuhan Kuantan,2020-03-01,29,29,0
Pelabuhan Kuantan,2020-04-01,0,0,0
Pelabuhan Kuantan,2020-05-01,2,2,0
Pelabuhan Kuantan,2020-06-01,0,0,0
Pelabuhan Kuantan,2020-07-01,0,0,0
Pelabuhan Kuantan,2020-08-01,0,0,0
Pelabuhan Kuantan,2020-09-01,0,0,0
Pelabuhan Kuantan,2020-10-01,0,0,0
Pelabuhan Kuantan,2020-11-01,0,0,0
Pelabuhan Kuantan,2020-12-01,0,0,0
Pelabuhan Kuantan,2021-01-01,0,0,0
Pelabuhan Kuantan,2021-02-01,0,0,0
Pelabuhan Kuantan,2021-03-01,1,1,0
Pelabuhan Kuantan,2021-04-01,3,3,0
Pelabuhan Kuantan,2021-05-01,3,3,0
Pelabuhan Kuantan,2021-06-01,0,0,0
Pelabuhan Kuantan,2021-07-01,0,0,0
Pelabuhan Kuantan,2021-08-01,0,0,0
Pelabuhan Kuantan,2021-09-01,0,0,0
Pelabuhan Kuantan,2021-10-01,0,0,0
Pelabuhan Kuantan,2021-11-01,0,0,0
Pelabuhan Kuantan,2021-12-01,0,0,0
Pelabuhan Kuantan,2022-01-01,0,0,0
Pelabuhan Kuantan,2022-02-01,0,0,0
Pelabuhan Kuantan,2022-03-01,0,0,0
Pelabuhan Kuantan,2022-04-01,0,0,0
Pelabuhan Kuantan,2022-05-01,0,0,0
Pelabuhan Kuantan,2022-06-01,8,8,0
Pelabuhan Kuantan,2022-07-01,2,2,0
Pelabuhan Kuantan,2022-08-01,0,0,0
Pelabuhan Kuantan,2022-09-01,4,4,0
Pelabuhan Kuantan,2022-10-01,3,3,0
Pelabuhan Kuantan,2022-11-01,15,15,0
Pelabuhan Kuantan,2022-12-01,5,5,0
Pelabuhan Kuantan,2023-01-01,6,5,1
Pelabuhan Kuantan,2023-02-01,13,13,0
Pelabuhan Kuantan,2023-03-01,22,22,0
Pelabuhan Kuantan,2023-04-01,7,7,0
Pelabuhan Kuantan,2023-05-01,45,45,0
Pelabuhan Kuantan,2023-06-01,19,19,0
Pelabuhan Kuantan,2023-07-01,25,25,0
Pelabuhan Kuantan,2023-08-01,25,25,0
Pelabuhan Kuantan,2023-09-01,29,23,6
Pelabuhan Kuantan,2023-10-01,21,14,7
Pelabuhan Kuantan,2023-11-01,12,12,0
Pelabuhan Kuching,2020-01-01,0,0,0
Pelabuhan Kuching,2020-02-01,0,0,0
Pelabuhan Kuching,2020-03-01,0,0,0
Pelabuhan Kuching,2020-04-01,0,0,0
Pelabuhan Kuching,2020-05-01,0,0,0
Pelabuhan Kuching,2020-06-01,0,0,0
Pelabuhan Kuching,2020-07-01,0,0,0
Pelabuhan Kuching,2020-08-01,0,0,0
Pelabuhan Kuching,2020-09-01,0,0,0
Pelabuhan Kuching,2020-10-01,0,0,0
Pelabuhan Kuching,2020-11-01,0,0,0
Pelabuhan Kuching,2020-12-01,0,0,0
Pelabuhan Kuching,2021-01-01,0,0,0
Pelabuhan Kuching,2021-02-01,0,0,0
Pelabuhan Kuching,2021-03-01,0,0,0
Pelabuhan Kuching,2021-04-01,0,0,0
Pelabuhan Kuching,2021-05-01,0,0,0
Pelabuhan Kuching,2021-06-01,0,0,0
Pelabuhan Kuching,2021-07-01,0,0,0
Pelabuhan Kuching,2021-08-01,0,0,0
Pelabuhan Kuching,2021-09-01,0,0,0
Pelabuhan Kuching,2021-10-01,0,0,0
Pelabuhan Kuching,2021-11-01,0,0,0
Pelabuhan Kuching,2021-12-01,0,0,0
Pelabuhan Kuching,2022-01-01,0,0,0
Pelabuhan Kuching,2022-02-01,0,0,0
Pelabuhan Kuching,2022-03-01,0,0,0
Pelabuhan Kuching,2022-04-01,0,0,0
Pelabuhan Kuching,2022-05-01,0,0,0
Pelabuhan Kuching,2022-06-01,0,0,0
Pelabuhan Kuching,2022-07-01,0,0,0
Pelabuhan Kuching,2022-08-01,0,0,0
Pelabuhan Kuching,2022-09-01,0,0,0
Pelabuhan Kuching,2022-10-01,0,0,0
Pelabuhan Kuching,2022-11-01,0,0,0
Pelabuhan Kuching,2022-12-01,0,0,0
Pelabuhan Kuching,2023-01-01,0,0,0
Pelabuhan Kuching,2023-02-01,0,0,0
Pelabuhan Kuching,2023-03-01,200,106,94
Pelabuhan Kuching,2023-04-01,0,0,0
Pelabuhan Kuching,2023-05-01,0,0,0
Pelabuhan Kuching,2023-06-01,0,0,0
Pelabuhan Kuching,2023-07-01,0,0,0
Pelabuhan Kuching,2023-08-01,3,3,0
Pelabuhan Kuching,2023-09-01,0,0,0
Pelabuhan Kuching,2023-10-01,0,0,0
Pelabuhan Kuching,2023-11-01,0,0,0
Pelabuhan Melaka,2020-01-01,5037,2356,2681
Pelabuhan Melaka,2020-02-01,2733,1263,1470
Pelabuhan Melaka,2020-03-01,1037,497,540
Pelabuhan Melaka,2020-04-01,0,0,0
Pelabuhan Melaka,2020-05-01,0,0,0
Pelabuhan Melaka,2020-06-01,0,0,0
Pelabuhan Melaka,2020-07-01,0,0,0
Pelabuhan Melaka,2020-08-01,0,0,0
Pelabuhan Melaka,2020-09-01,0,0,0
Pelabuhan Melaka,2020-10-01,0,0,0
Pelabuhan Melaka,2020-11-01,0,0,0
Pelabuhan Melaka,2020-12-01,0,0,0
Pelabuhan Melaka,2021-01-01,0,0,0
Pelabuhan Melaka,2021-02-01,0,0,0
Pelabuhan Melaka,2021-03-01,0,0,0
Pelabuhan Melaka,2021-04-01,0,0,0
Pelabuhan Melaka,2021-05-01,0,0,0
Pelabuhan Melaka,2021-06-01,0,0,0
Pelabuhan Melaka,2021-07-01,0,0,0
Pelabuhan Melaka,2021-08-01,0,0,0
Pelabuhan Melaka,2021-09-01,0,0,0
Pelabuhan Melaka,2021-10-01,0,0,0
Pelabuhan Melaka,2021-11-01,0,0,0
Pelabuhan Melaka,2021-12-01,0,0,0
Pelabuhan Melaka,2022-01-01,0,0,0
Pelabuhan Melaka,2022-02-01,0,0,0
Pelabuhan Melaka,2022-03-01,13,0,13
Pelabuhan Melaka,2022-04-01,4,4,0
Pelabuhan Melaka,2022-05-01,2977,1355,1622
Pelabuhan Melaka,2022-06-01,5721,2578,3143
Pelabuhan Melaka,2022-07-01,6249,2670,3579
Pelabuhan Melaka,2022-08-01,6509,2775,3734
Pelabuhan Melaka,2022-09-01,6883,3054,3829
Pelabuhan Melaka,2022-10-01,5373,2503,2870
Pelabuhan Melaka,2022-11-01,4182,1916,2266
Pelabuhan Melaka,2022-12-01,6701,2925,3776
Pelabuhan Melaka,2023-01-01,4241,1917,2324
Pelabuhan Melaka,2023-02-01,4058,1812,2246
Pelabuhan Melaka,2023-03-01,3524,1622,1902
Pelabuhan Melaka,2023-04-01,5005,2261,2744
Pelabuhan Melaka,2023-05-01,4367,1920,2447
Pelabuhan Melaka,2023-06-01,4411,2065,2346
Pelabuhan Melaka,2023-07-01,4582,2061,2521
Pelabuhan Melaka,2023-08-01,3400,1651,1749
Pelabuhan Melaka,2023-09-01,4206,1862,2344
Pelabuhan Melaka,2023-10-01,3523,1556,1967
Pelabuhan Melaka,2023-11-01,3689,1683,2006
Pelabuhan Tanjung Pelepas,2020-01-01,422,411,11
Pelabuhan Tanjung Pelepas,2020-02-01,432,426,6
Pelabuhan Tanjung Pelepas,2020-03-01,239,233,6
Pelabuhan Tanjung Pelepas,2020-04-01,0,0,0
Pelabuhan Tanjung Pelepas,2020-05-01,0,0,0
Pelabuhan Tanjung Pelepas,2020-06-01,2,2,0
Pelabuhan Tanjung Pelepas,2020-07-01,155,155,0
Pelabuhan Tanjung Pelepas,2020-08-01,196,194,2
Pelabuhan Tanjung Pelepas,2020-09-01,314,314,0
Pelabuhan Tanjung Pelepas,2020-10-01,124,124,0
Pelabuhan Tanjung Pelepas,2020-11-01,98,96,2
Pelabuhan Tanjung Pelepas,2020-12-01,177,174,3
Pelabuhan Tanjung Pelepas,2021-01-01,175,175,0
Pelabuhan Tanjung Pelepas,2021-02-01,314,307,7
Pelabuhan Tanjung Pelepas,2021-03-01,279,279,0
Pelabuhan Tanjung Pelepas,2021-04-01,348,345,3
Pelabuhan Tanjung Pelepas,2021-05-01,121,121,0
Pelabuhan Tanjung Pelepas,2021-06-01,12,12,0
Pelabuhan Tanjung Pelepas,2021-07-01,9,9,0
Pelabuhan Tanjung Pelepas,2021-08-01,20,20,0
Pelabuhan Tanjung Pelepas,2021-09-01,24,24,0
Pelabuhan Tanjung Pelepas,2021-10-01,27,27,0
Pelabuhan Tanjung Pelepas,2021-11-01,101,100,1
Pelabuhan Tanjung Pelepas,2021-12-01,81,81,0
Pelabuhan Tanjung Pelepas,2022-01-01,309,306,3
Pelabuhan Tanjung Pelepas,2022-02-01,233,231,2
Pelabuhan Tanjung Pelepas,2022-03-01,507,503,4
Pelabuhan Tanjung Pelepas,2022-04-01,435,425,10
Pelabuhan Tanjung Pelepas,2022-05-01,363,358,5
Pelabuhan Tanjung Pelepas,2022-06-01,319,317,2
Pelabuhan Tanjung Pelepas,2022-07-01,345,341,4
Pelabuhan Tanjung Pelepas,2022-08-01,416,414,2
Pelabuhan Tanjung Pelepas,2022-09-01,277,276,1
Pelabuhan Tanjung Pelepas,2022-10-01,334,332,2
Pelabuhan Tanjung Pelepas,2022-11-01,331,324,7
Pelabuhan Tanjung Pelepas,2022-12-01,259,257,2
Pelabuhan Tanjung Pelepas,2023-01-01,396,382,14
Pelabuhan Tanjung Pelepas,2023-02-01,372,360,12
Pelabuhan Tanjung Pelepas,2023-03-01,443,438,5
Pelabuhan Tanjung Pelepas,2023-04-01,410,404,6
Pelabuhan Tanjung Pelepas,2023-05-01,362,357,5
Pelabuhan Tanjung Pelepas,2023-06-01,412,403,9
Pelabuhan Tanjung Pelepas,2023-07-01,339,328,11
Pelabuhan Tanjung Pelepas,2023-08-01,412,405,7
Pelabuhan Tanjung Pelepas,2023-09-01,427,419,8
Pelabuhan Tanjung Pelepas,2023-10-01,337,328,9
Pelabuhan Tanjung Pelepas,2023-11-01,427,421,6
Pengkalan Hulu (Bukit Berapit),2020-01-01,15596,7234,8362
Pengkalan Hulu (Bukit Berapit),2020-02-01,12926,6111,6815
Pengkalan Hulu (Bukit Berapit),2020-03-01,7926,3688,4238
Pengkalan Hulu (Bukit Berapit),2020-04-01,2,0,2
Pengkalan Hulu (Bukit Berapit),2020-05-01,0,0,0
Pengkalan Hulu (Bukit Berapit),2020-06-01,2,1,1
Pengkalan Hulu (Bukit Berapit),2020-07-01,7,0,7
Pengkalan Hulu (Bukit Berapit),2020-08-01,0,0,0
Pengkalan Hulu (Bukit Berapit),2020-09-01,2,0,2
Pengkalan Hulu (Bukit Berapit),2020-10-01,1,0,1
Pengkalan Hulu (Bukit Berapit),2020-11-01,5,2,3
Pengkalan Hulu (Bukit Berapit),2020-12-01,0,0,0
Pengkalan Hulu (Bukit Berapit),2021-01-01,0,0,0
Pengkalan Hulu (Bukit Berapit),2021-02-01,0,0,0
Pengkalan Hulu (Bukit Berapit),2021-03-01,2,0,2
Pengkalan Hulu (Bukit Berapit),2021-04-01,0,0,0
Pengkalan Hulu (Bukit Berapit),2021-05-01,1,0,1
Pengkalan Hulu (Bukit Berapit),2021-06-01,0,0,0
Pengkalan Hulu (Bukit Berapit),2021-07-01,0,0,0
Pengkalan Hulu (Bukit Berapit),2021-08-01,0,0,0
Pengkalan Hulu (Bukit Berapit),2021-09-01,0,0,0
Pengkalan Hulu (Bukit Berapit),2021-10-01,0,0,0
Pengkalan Hulu (Bukit Berapit),2021-11-01,0,0,0
Pengkalan Hulu (Bukit Berapit),2021-12-01,0,0,0
Pengkalan Hulu (Bukit Berapit),2022-01-01,0,0,0
Pengkalan Hulu (Bukit Berapit),2022-02-01,0,0,0
Pengkalan Hulu (Bukit Berapit),2022-03-01,0,0,0
Pengkalan Hulu (Bukit Berapit),2022-04-01,0,0,0
Pengkalan Hulu (Bukit Berapit),2022-05-01,745,243,502
Pengkalan Hulu (Bukit Berapit),2022-06-01,3342,1561,1781
Pengkalan Hulu (Bukit Berapit),2022-07-01,6594,3230,3364
Pengkalan Hulu (Bukit Berapit),2022-08-01,8303,4059,4244
Pengkalan Hulu (Bukit Berapit),2022-09-01,4904,2773,2131
Pengkalan Hulu (Bukit Berapit),2022-10-01,9324,4468,4856
Pengkalan Hulu (Bukit Berapit),2022-11-01,9548,4639,4909
Pengkalan Hulu (Bukit Berapit),2022-12-01,9976,4784,5192
Pengkalan Hulu (Bukit Berapit),2023-01-01,9734,4653,5081
Pengkalan Hulu (Bukit Berapit),2023-02-01,10914,5331,5583
Pengkalan Hulu (Bukit Berapit),2023-03-01,13943,6727,7216
Pengkalan Hulu (Bukit Berapit),2023-04-01,13155,6033,7122
Pengkalan Hulu (Bukit Berapit),2023-05-01,13904,6646,7258
Pengkalan Hulu (Bukit Berapit),2023-06-01,10021,4666,5355
Pengkalan Hulu (Bukit Berapit),2023-07-01,14605,6696,7909
Pengkalan Hulu (Bukit Berapit),2023-08-01,13231,6345,6886
Pengkalan Hulu (Bukit Berapit),2023-09-01,10458,4926,5532
Pengkalan Hulu (Bukit Berapit),2023-10-01,12639,5804,6835
Pengkalan Hulu (Bukit Berapit),2023-11-01,11246,5304,5942
Pengkalan Kubur,2020-01-01,11738,6406,5332
Pengkalan Kubur,2020-02-01,12455,7560,4895
Pengkalan Kubur,2020-03-01,6227,3352,2875
Pengkalan Kubur,2020-04-01,0,0,0
Pengkalan Kubur,2020-05-01,0,0,0
Pengkalan Kubur,2020-06-01,0,0,0
Pengkalan Kubur,2020-07-01,0,0,0
Pengkalan Kubur,2020-08-01,0,0,0
Pengkalan Kubur,2020-09-01,0,0,0
Pengkalan Kubur,2020-10-01,0,0,0
Pengkalan Kubur,2020-11-01,0,0,0
Pengkalan Kubur,2020-12-01,0,0,0
Pengkalan Kubur,2021-01-01,0,0,0
Pengkalan Kubur,2021-02-01,0,0,0
Pengkalan Kubur,2021-03-01,0,0,0
Pengkalan Kubur,2021-04-01,0,0,0
Pengkalan Kubur,2021-05-01,0,0,0
Pengkalan Kubur,2021-06-01,0,0,0
Pengkalan Kubur,2021-07-01,0,0,0
Pengkalan Kubur,2021-08-01,0,0,0
Pengkalan Kubur,2021-09-01,0,0,0
Pengkalan Kubur,2021-10-01,0,0,0
Pengkalan Kubur,2021-11-01,0,0,0
Pengkalan Kubur,2021-12-01,0,0,0
Pengkalan Kubur,2022-01-01,2,0,2
Pengkalan Kubur,2022-02-01,0,0,0
Pengkalan Kubur,2022-03-01,0,0,0
Pengkalan Kubur,2022-04-01,0,0,0
Pengkalan Kubur,2022-05-01,901,442,459
Pengkalan Kubur,2022-06-01,1579,700,879
Pengkalan Kubur,2022-07-01,1524,725,799
Pengkalan Kubur,2022-08-01,3290,1603,1687
Pengkalan Kubur,2022-09-01,3731,1820,1911
Pengkalan Kubur,2022-10-01,7095,3417,3678
Pengkalan Kubur,2022-11-01,4671,2202,2469
Pengkalan Kubur,2022-12-01,3040,1417,1623
Pengkalan Kubur,2023-01-01,4741,2389,2352
Pengkalan Kubur,2023-02-01,6658,3984,2674
Pengkalan Kubur,2023-03-01,7061,3384,3677
Pengkalan Kubur,2023-04-01,6782,3064,3718
Pengkalan Kubur,2023-05-01,7477,3638,3839
Pengkalan Kubur,2023-06-01,6162,2828,3334
Pengkalan Kubur,2023-07-01,8035,4048,3987
Pengkalan Kubur,2023-08-01,5258,2697,2561
Pengkalan Kubur,2023-09-01,6297,3203,3094
Pengkalan Kubur,2023-10-01,8214,3883,4331
Pengkalan Kubur,2023-11-01,6423,3145,3278
Pos Imigresen Bukit Bunga,2020-01-01,6816,3570,3246
Pos Imigresen Bukit Bunga,2020-02-01,6036,3323,2713
Pos Imigresen Bukit Bunga,2020-03-01,3662,2002,1660
Pos Imigresen Bukit Bunga,2020-04-01,0,0,0
Pos Imigresen Bukit Bunga,2020-05-01,0,0,0
Pos Imigresen Bukit Bunga,2020-06-01,0,0,0
Pos Imigresen Bukit Bunga,2020-07-01,0,0,0
Pos Imigresen Bukit Bunga,2020-08-01,0,0,0
Pos Imigresen Bukit Bunga,2020-09-01,0,0,0
Pos Imigresen Bukit Bunga,2020-10-01,0,0,0
Pos Imigresen Bukit Bunga,2020-11-01,0,0,0
Pos Imigresen Bukit Bunga,2020-12-01,0,0,0
Pos Imigresen Bukit Bunga,2021-01-01,0,0,0
Pos Imigresen Bukit Bunga,2021-02-01,0,0,0
Pos Imigresen Bukit Bunga,2021-03-01,0,0,0
Pos Imigresen Bukit Bunga,2021-04-01,0,0,0
Pos Imigresen Bukit Bunga,2021-05-01,0,0,0
Pos Imigresen Bukit Bunga,2021-06-01,0,0,0
Pos Imigresen Bukit Bunga,2021-07-01,0,0,0
Pos Imigresen Bukit Bunga,2021-08-01,0,0,0
Pos Imigresen Bukit Bunga,2021-09-01,0,0,0
Pos Imigresen Bukit Bunga,2021-10-01,0,0,0
Pos Imigresen Bukit Bunga,2021-11-01,0,0,0
Pos Imigresen Bukit Bunga,2021-12-01,0,0,0
Pos Imigresen Bukit Bunga,2022-01-01,0,0,0
Pos Imigresen Bukit Bunga,2022-02-01,0,0,0
Pos Imigresen Bukit Bunga,2022-03-01,0,0,0
Pos Imigresen Bukit Bunga,2022-04-01,0,0,0
Pos Imigresen Bukit Bunga,2022-05-01,64,27,37
Pos Imigresen Bukit Bunga,2022-06-01,393,210,183
Pos Imigresen Bukit Bunga,2022-07-01,1582,749,833
Pos Imigresen Bukit Bunga,2022-08-01,3763,1794,1969
Pos Imigresen Bukit Bunga,2022-09-01,5874,3182,2692
Pos Imigresen Bukit Bunga,2022-10-01,8001,4700,3301
Pos Imigresen Bukit Bunga,2022-11-01,7986,4842,3144
Pos Imigresen Bukit Bunga,2022-12-01,7526,4018,3508
Pos Imigresen Bukit Bunga,2023-01-01,10620,5986,4634
Pos Imigresen Bukit Bunga,2023-02-01,10177,5833,4344
Pos Imigresen Bukit Bunga,2023-03-01,12418,6946,5472
Pos Imigresen Bukit Bunga,2023-04-01,11508,6219,5289
Pos Imigresen Bukit Bunga,2023-05-01,12438,7194,5244
Pos Imigresen Bukit Bunga,2023-06-01,11704,6811,4893
Pos Imigresen Bukit Bunga,2023-07-01,13268,7711,5557
Pos Imigresen Bukit Bunga,2023-08-01,11157,6560,4597
Pos Imigresen Bukit Bunga,2023-09-01,11351,7067,4284
Pos Imigresen Bukit Bunga,2023-10-01,15783,9668,6115
Pos Imigresen Bukit Bunga,2023-11-01,12061,6601,5460
Pos Imigresen Mengkalap,2020-01-01,6702,3745,2957
Pos Imigresen Mengkalap,2020-02-01,5725,3408,2317
Pos Imigresen Mengkalap,2020-03-01,2647,1614,1033
Pos Imigresen Mengkalap,2020-04-01,271,269,2
Pos Imigresen Mengkalap,2020-05-01,232,231,1
Pos Imigresen Mengkalap,2020-06-01,254,249,5
Pos Imigresen Mengkalap,2020-07-01,177,175,2
Pos Imigresen Mengkalap,2020-08-01,77,74,3
Pos Imigresen Mengkalap,2020-09-01,269,258,11
Pos Imigresen Mengkalap,2020-10-01,111,111,0
Pos Imigresen Mengkalap,2020-11-01,251,250,1
Pos Imigresen Mengkalap,2020-12-01,277,276,1
Pos Imigresen Mengkalap,2021-01-01,270,270,0
Pos Imigresen Mengkalap,2021-02-01,260,258,2
Pos Imigresen Mengkalap,2021-03-01,302,302,0
Pos Imigresen Mengkalap,2021-04-01,270,268,2
Pos Imigresen Mengkalap,2021-05-01,197,197,0
Pos Imigresen Mengkalap,2021-06-01,264,264,0
Pos Imigresen Mengkalap,2021-07-01,311,310,1
Pos Imigresen Mengkalap,2021-08-01,233,229,4
Pos Imigresen Mengkalap,2021-09-01,206,206,0
Pos Imigresen Mengkalap,2021-10-01,189,188,1
Pos Imigresen Mengkalap,2021-11-01,239,237,2
Pos Imigresen Mengkalap,2021-12-01,252,249,3
Pos Imigresen Mengkalap,2022-01-01,298,292,6
Pos Imigresen Mengkalap,2022-02-01,221,220,1
Pos Imigresen Mengkalap,2022-03-01,293,293,0
Pos Imigresen Mengkalap,2022-04-01,355,338,17
Pos Imigresen Mengkalap,2022-05-01,312,279,33
Pos Imigresen Mengkalap,2022-06-01,564,472,92
Pos Imigresen Mengkalap,2022-07-01,1465,911,554
Pos Imigresen Mengkalap,2022-08-01,8080,4593,3487
Pos Imigresen Mengkalap,2022-09-01,15993,8629,7364
Pos Imigresen Mengkalap,2022-10-01,13014,7257,5757
Pos Imigresen Mengkalap,2022-11-01,13200,7350,5850
Pos Imigresen Mengkalap,2022-12-01,51496,25859,25637
Pos Imigresen Mengkalap,2023-01-01,19043,10122,8921
Pos Imigresen Mengkalap,2023-02-01,19852,10489,9363
Pos Imigresen Mengkalap,2023-03-01,20079,11066,9013
Pos Imigresen Mengkalap,2023-04-01,34544,17744,16800
Pos Imigresen Mengkalap,2023-05-01,20041,11054,8987
Pos Imigresen Mengkalap,2023-06-01,23195,12484,10711
Pos Imigresen Mengkalap,2023-07-01,20414,10823,9591
Pos Imigresen Mengkalap,2023-08-01,29690,15502,14188
Pos Imigresen Mengkalap,2023-09-01,21855,11723,10132
Pos Imigresen Mengkalap,2023-10-01,19607,10623,8984
Pos Imigresen Mengkalap,2023-11-01,22027,11910,10117
Pos Kawalan Imigresen Muar,2020-01-01,8138,6259,1879
Pos Kawalan Imigresen Muar,2020-02-01,8466,6690,1776
Pos Kawalan Imigresen Muar,2020-03-01,4956,3985,971
Pos Kawalan Imigresen Muar,2020-04-01,0,0,0
Pos Kawalan Imigresen Muar,2020-05-01,0,0,0
Pos Kawalan Imigresen Muar,2020-06-01,0,0,0
Pos Kawalan Imigresen Muar,2020-07-01,0,0,0
Pos Kawalan Imigresen Muar,2020-08-01,0,0,0
Pos Kawalan Imigresen Muar,2020-09-01,0,0,0
Pos Kawalan Imigresen Muar,2020-10-01,0,0,0
Pos Kawalan Imigresen Muar,2020-11-01,0,0,0
Pos Kawalan Imigresen Muar,2020-12-01,0,0,0
Pos Kawalan Imigresen Muar,2021-01-01,0,0,0
Pos Kawalan Imigresen Muar,2021-02-01,0,0,0
Pos Kawalan Imigresen Muar,2021-03-01,0,0,0
Pos Kawalan Imigresen Muar,2021-04-01,0,0,0
Pos Kawalan Imigresen Muar,2021-05-01,0,0,0
Pos Kawalan Imigresen Muar,2021-06-01,0,0,0
Pos Kawalan Imigresen Muar,2021-07-01,0,0,0
Pos Kawalan Imigresen Muar,2021-08-01,0,0,0
Pos Kawalan Imigresen Muar,2021-09-01,0,0,0
Pos Kawalan Imigresen Muar,2021-10-01,0,0,0
Pos Kawalan Imigresen Muar,2021-11-01,0,0,0
Pos Kawalan Imigresen Muar,2021-12-01,0,0,0
Pos Kawalan Imigresen Muar,2022-01-01,0,0,0
Pos Kawalan Imigresen Muar,2022-02-01,0,0,0
Pos Kawalan Imigresen Muar,2022-03-01,0,0,0
Pos Kawalan Imigresen Muar,2022-04-01,3,3,0
Pos Kawalan Imigresen Muar,2022-05-01,0,0,0
Pos Kawalan Imigresen Muar,2022-06-01,1909,1474,435
Pos Kawalan Imigresen Muar,2022-07-01,6448,4927,1521
Pos Kawalan Imigresen Muar,2022-08-01,7317,5477,1840
Pos Kawalan Imigresen Muar,2022-09-01,5697,4212,1485
Pos Kawalan Imigresen Muar,2022-10-01,9431,6886,2545
Pos Kawalan Imigresen Muar,2022-11-01,9136,6851,2285
Pos Kawalan Imigresen Muar,2022-12-01,10312,7403,2909
Pos Kawalan Imigresen Muar,2023-01-01,14142,10171,3971
Pos Kawalan Imigresen Muar,2023-02-01,11655,8623,3032
Pos Kawalan Imigresen Muar,2023-03-01,9281,6999,2282
Pos Kawalan Imigresen Muar,2023-04-01,3644,2465,1179
Pos Kawalan Imigresen Muar,2023-05-01,16302,12083,4219
Pos Kawalan Imigresen Muar,2023-06-01,6021,4741,1280
Pos Kawalan Imigresen Muar,2023-07-01,5487,4072,1415
Pos Kawalan Imigresen Muar,2023-08-01,5851,4270,1581
Pos Kawalan Imigresen Muar,2023-09-01,7360,5500,1860
Pos Kawalan Imigresen Muar,2023-10-01,6988,5185,1803
Pos Kawalan Imigresen Muar,2023-11-01,6820,5022,1798
Rantau Panjang,2020-01-01,21076,11013,10063
Rantau Panjang,2020-02-01,21020,10957,10063
Rantau Panjang,2020-03-01,10460,5230,5230
Rantau Panjang,2020-04-01,22,5,17
Rantau Panjang,2020-05-01,18,6,12
Rantau Panjang,2020-06-01,21,3,18
Rantau Panjang,2020-07-01,9,1,8
Rantau Panjang,2020-08-01,3,1,2
Rantau Panjang,2020-09-01,7,1,6
Rantau Panjang,2020-10-01,1,0,1
Rantau Panjang,2020-11-01,2,0,2
Rantau Panjang,2020-12-01,2,1,1
Rantau Panjang,2021-01-01,0,0,0
Rantau Panjang,2021-02-01,3,1,2
Rantau Panjang,2021-03-01,4,2,2
Rantau Panjang,2021-04-01,5,2,3
Rantau Panjang,2021-05-01,0,0,0
Rantau Panjang,2021-06-01,1,0,1
Rantau Panjang,2021-07-01,3,1,2
Rantau Panjang,2021-08-01,0,0,0
Rantau Panjang,2021-09-01,0,0,0
Rantau Panjang,2021-10-01,0,0,0
Rantau Panjang,2021-11-01,4,0,4
Rantau Panjang,2021-12-01,0,0,0
Rantau Panjang,2022-01-01,2,1,1
Rantau Panjang,2022-02-01,5,0,5
Rantau Panjang,2022-03-01,13,13,0
Rantau Panjang,2022-04-01,1,1,0
Rantau Panjang,2022-05-01,2881,1460,1421
Rantau Panjang,2022-06-01,6913,3051,3862
Rantau Panjang,2022-07-01,12892,6171,6721
Rantau Panjang,2022-08-01,22486,11322,11164
Rantau Panjang,2022-09-01,20421,10423,9998
Rantau Panjang,2022-10-01,23027,11500,11527
Rantau Panjang,2022-11-01,20548,10677,9871
Rantau Panjang,2022-12-01,15892,7969,7923
Rantau Panjang,2023-01-01,34584,18336,16248
Rantau Panjang,2023-02-01,34327,17839,16488
Rantau Panjang,2023-03-01,39108,19478,19630
Rantau Panjang,2023-04-01,28588,14033,14555
Rantau Panjang,2023-05-01,32385,16777,15608
Rantau Panjang,2023-06-01,18896,9666,9230
Rantau Panjang,2023-07-01,28714,15014,13700
Rantau Panjang,2023-08-01,19378,10396,8982
Rantau Panjang,2023-09-01,17576,9220,8356
Rantau Panjang,2023-10-01,23678,11899,11779
Rantau Panjang,2023-11-01,21997,11390,10607
Roro Labuan,2020-01-01,1042,650,392
Roro Labuan,2020-02-01,702,475,227
Roro Labuan,2020-03-01,192,143,49
Roro Labuan,2020-04-01,2,2,0
Roro Labuan,2020-05-01,2,2,0
Roro Labuan,2020-06-01,5,5,0
Roro Labuan,2020-07-01,10,7,3
Roro Labuan,2020-08-01,5,4,1
Roro Labuan,2020-09-01,10,8,2
Roro Labuan,2020-10-01,5,5,0
Roro Labuan,2020-11-01,13,11,2
Roro Labuan,2020-12-01,8,8,0
Roro Labuan,2021-01-01,6,6,0
Roro Labuan,2021-02-01,9,9,0
Roro Labuan,2021-03-01,6,3,3
Roro Labuan,2021-04-01,10,10,0
Roro Labuan,2021-05-01,15,14,1
Roro Labuan,2021-06-01,0,0,0
Roro Labuan,2021-07-01,15,15,0
Roro Labuan,2021-08-01,9,9,0
Roro Labuan,2021-09-01,7,7,0
Roro Labuan,2021-10-01,0,0,0
Roro Labuan,2021-11-01,3,3,0
Roro Labuan,2021-12-01,10,10,0
Roro Labuan,2022-01-01,12,12,0
Roro Labuan,2022-02-01,17,17,0
Roro Labuan,2022-03-01,12,12,0
Roro Labuan,2022-04-01,23,19,4
Roro Labuan,2022-05-01,28,21,7
Roro Labuan,2022-06-01,42,25,17
Roro Labuan,2022-07-01,62,34,28
Roro Labuan,2022-08-01,651,399,252
Roro Labuan,2022-09-01,399,236,163
Roro Labuan,2022-10-01,110,63,47
Roro Labuan,2022-11-01,189,114,75
Roro Labuan,2022-12-01,579,350,229
Roro Labuan,2023-01-01,149,77,72
Roro Labuan,2023-02-01,162,81,81
Roro Labuan,2023-03-01,106,56,50
Roro Labuan,2023-04-01,189,100,89
Roro Labuan,2023-05-01,143,84,59
Roro Labuan,2023-06-01,115,54,61
Roro Labuan,2023-07-01,85,39,46
Roro Labuan,2023-08-01,216,117,99
Roro Labuan,2023-09-01,189,107,82
Roro Labuan,2023-10-01,123,83,40
Roro Labuan,2023-11-01,194,102,92
Sebana Resort Desaru,2020-01-01,0,0,0
Sebana Resort Desaru,2020-02-01,2,2,0
Sebana Resort Desaru,2020-03-01,2,1,1
Sebana Resort Desaru,2020-04-01,0,0,0
Sebana Resort Desaru,2020-05-01,0,0,0
Sebana Resort Desaru,2020-06-01,2,2,0
Sebana Resort Desaru,2020-07-01,0,0,0
Sebana Resort Desaru,2020-08-01,0,0,0
Sebana Resort Desaru,2020-09-01,0,0,0
Sebana Resort Desaru,2020-10-01,0,0,0
Sebana Resort Desaru,2020-11-01,0,0,0
Sebana Resort Desaru,2020-12-01,0,0,0
Sebana Resort Desaru,2021-01-01,0,0,0
Sebana Resort Desaru,2021-02-01,0,0,0
Sebana Resort Desaru,2021-03-01,0,0,0
Sebana Resort Desaru,2021-04-01,0,0,0
Sebana Resort Desaru,2021-05-01,0,0,0
Sebana Resort Desaru,2021-06-01,0,0,0
Sebana Resort Desaru,2021-07-01,0,0,0
Sebana Resort Desaru,2021-08-01,0,0,0
Sebana Resort Desaru,2021-09-01,0,0,0
Sebana Resort Desaru,2021-10-01,0,0,0
Sebana Resort Desaru,2021-11-01,0,0,0
Sebana Resort Desaru,2021-12-01,0,0,0
Sebana Resort Desaru,2022-01-01,0,0,0
Sebana Resort Desaru,2022-02-01,0,0,0
Sebana Resort Desaru,2022-03-01,0,0,0
Sebana Resort Desaru,2022-04-01,1,0,1
Sebana Resort Desaru,2022-05-01,0,0,0
Sebana Resort Desaru,2022-06-01,0,0,0
Sebana Resort Desaru,2022-07-01,0,0,0
Sebana Resort Desaru,2022-08-01,0,0,0
Sebana Resort Desaru,2022-09-01,0,0,0
Sebana Resort Desaru,2022-10-01,0,0,0
Sebana Resort Desaru,2022-11-01,0,0,0
Sebana Resort Desaru,2022-12-01,0,0,0
Sebana Resort Desaru,2023-01-01,0,0,0
Sebana Resort Desaru,2023-02-01,0,0,0
Sebana Resort Desaru,2023-03-01,0,0,0
Sebana Resort Desaru,2023-04-01,0,0,0
Sebana Resort Desaru,2023-05-01,0,0,0
Sebana Resort Desaru,2023-06-01,0,0,0
Sebana Resort Desaru,2023-07-01,0,0,0
Sebana Resort Desaru,2023-08-01,0,0,0
Sebana Resort Desaru,2023-09-01,0,0,0
Sebana Resort Desaru,2023-10-01,0,0,0
Sebana Resort Desaru,2023-11-01,0,0,0
Sindumin,2020-01-01,0,0,0
Sindumin,2020-02-01,0,0,0
Sindumin,2020-03-01,3,2,1
Sindumin,2020-04-01,0,0,0
Sindumin,2020-05-01,0,0,0
Sindumin,2020-06-01,0,0,0
Sindumin,2020-07-01,0,0,0
Sindumin,2020-08-01,0,0,0
Sindumin,2020-09-01,0,0,0
Sindumin,2020-10-01,0,0,0
Sindumin,2020-11-01,0,0,0
Sindumin,2020-12-01,0,0,0
Sindumin,2021-01-01,0,0,0
Sindumin,2021-02-01,0,0,0
Sindumin,2021-03-01,0,0,0
Sindumin,2021-04-01,0,0,0
Sindumin,2021-05-01,0,0,0
Sindumin,2021-06-01,0,0,0
Sindumin,2021-07-01,0,0,0
Sindumin,2021-08-01,0,0,0
Sindumin,2021-09-01,0,0,0
Sindumin,2021-10-01,0,0,0
Sindumin,2021-11-01,0,0,0
Sindumin,2021-12-01,0,0,0
Sindumin,2022-01-01,0,0,0
Sindumin,2022-02-01,0,0,0
Sindumin,2022-03-01,0,0,0
Sindumin,2022-04-01,0,0,0
Sindumin,2022-05-01,0,0,0
Sindumin,2022-06-01,0,0,0
Sindumin,2022-07-01,0,0,0
Sindumin,2022-08-01,0,0,0
Sindumin,2022-09-01,0,0,0
Sindumin,2022-10-01,1,1,0
Sindumin,2022-11-01,1,1,0
Sindumin,2022-12-01,5,2,3
Sindumin,2023-01-01,1,0,1
Sindumin,2023-02-01,0,0,0
Sindumin,2023-03-01,0,0,0
Sindumin,2023-04-01,1,0,1
Sindumin,2023-05-01,1,0,1
Sindumin,2023-06-01,7,3,4
Sindumin,2023-07-01,6,3,3
Sindumin,2023-08-01,0,0,0
Sindumin,2023-09-01,0,0,0
Sindumin,2023-10-01,0,0,0
Sindumin,2023-11-01,0,0,0
Stulang Laut,2020-01-01,37776,19329,18447
Stulang Laut,2020-02-01,28045,15077,12968
Stulang Laut,2020-03-01,15915,8722,7193
Stulang Laut,2020-04-01,25,8,17
Stulang Laut,2020-05-01,5,3,2
Stulang Laut,2020-06-01,26,8,18
Stulang Laut,2020-07-01,93,49,44
Stulang Laut,2020-08-01,39,23,16
Stulang Laut,2020-09-01,22,18,4
Stulang Laut,2020-10-01,25,22,3
Stulang Laut,2020-11-01,18,4,14
Stulang Laut,2020-12-01,39,13,26
Stulang Laut,2021-01-01,31,12,19
Stulang Laut,2021-02-01,50,18,32
Stulang Laut,2021-03-01,67,34,33
Stulang Laut,2021-04-01,77,36,41
Stulang Laut,2021-05-01,36,25,11
Stulang Laut,2021-06-01,16,13,3
Stulang Laut,2021-07-01,41,33,8
Stulang Laut,2021-08-01,40,31,9
Stulang Laut,2021-09-01,25,16,9
Stulang Laut,2021-10-01,24,16,8
Stulang Laut,2021-11-01,139,85,54
Stulang Laut,2021-12-01,121,72,49
Stulang Laut,2022-01-01,162,95,67
Stulang Laut,2022-02-01,152,68,84
Stulang Laut,2022-03-01,181,95,86
Stulang Laut,2022-04-01,3506,1528,1978
Stulang Laut,2022-05-01,6540,3370,3170
Stulang Laut,2022-06-01,16692,8752,7940
Stulang Laut,2022-07-01,22291,11186,11105
Stulang Laut,2022-08-01,20191,10464,9727
Stulang Laut,2022-09-01,18103,9075,9028
Stulang Laut,2022-10-01,21340,10960,10380
Stulang Laut,2022-11-01,18422,9278,9144
Stulang Laut,2022-12-01,26890,12599,14291
Stulang Laut,2023-01-01,22183,10559,11624
Stulang Laut,2023-02-01,20640,9848,10792
Stulang Laut,2023-03-01,23759,11566,12193
Stulang Laut,2023-04-01,23065,10344,12721
Stulang Laut,2023-05-01,21257,10345,10912
Stulang Laut,2023-06-01,25921,12414,13507
Stulang Laut,2023-07-01,26567,13062,13505
Stulang Laut,2023-08-01,24750,12510,12240
Stulang Laut,2023-09-01,25077,12418,12659
Stulang Laut,2023-10-01,24826,11986,12840
Stulang Laut,2023-11-01,22570,10623,11947
Sungai Tujuh,2020-01-01,65992,36698,29294
Sungai Tujuh,2020-02-01,44236,26247,17989
Sungai Tujuh,2020-03-01,21054,12624,8430
Sungai Tujuh,2020-04-01,157,155,2
Sungai Tujuh,2020-05-01,186,179,7
Sungai Tujuh,2020-06-01,342,329,13
Sungai Tujuh,2020-07-01,425,397,28
Sungai Tujuh,2020-08-01,350,330,20
Sungai Tujuh,2020-09-01,373,355,18
Sungai Tujuh,2020-10-01,340,327,13
Sungai Tujuh,2020-11-01,389,378,11
Sungai Tujuh,2020-12-01,412,400,12
Sungai Tujuh,2021-01-01,412,408,4
Sungai Tujuh,2021-02-01,317,313,4
Sungai Tujuh,2021-03-01,441,440,1
Sungai Tujuh,2021-04-01,406,402,4
Sungai Tujuh,2021-05-01,315,308,7
Sungai Tujuh,2021-06-01,340,336,4
Sungai Tujuh,2021-07-01,358,352,6
Sungai Tujuh,2021-08-01,211,207,4
Sungai Tujuh,2021-09-01,155,155,0
Sungai Tujuh,2021-10-01,178,177,1
Sungai Tujuh,2021-11-01,207,205,2
Sungai Tujuh,2021-12-01,118,114,4
Sungai Tujuh,2022-01-01,287,285,2
Sungai Tujuh,2022-02-01,171,168,3
Sungai Tujuh,2022-03-01,285,281,4
Sungai Tujuh,2022-04-01,386,363,23
Sungai Tujuh,2022-05-01,375,337,38
Sungai Tujuh,2022-06-01,776,605,171
Sungai Tujuh,2022-07-01,4562,2622,1940
Sungai Tujuh,2022-08-01,22493,12473,10020
Sungai Tujuh,2022-09-01,33944,18131,15813
Sungai Tujuh,2022-10-01,35887,19120,16767
Sungai Tujuh,2022-11-01,39670,21140,18530
Sungai Tujuh,2022-12-01,65412,33980,31432
Sungai Tujuh,2023-01-01,50892,27166,23726
Sungai Tujuh,2023-02-01,47879,25927,21952
Sungai Tujuh,2023-03-01,53450,28836,24614
Sungai Tujuh,2023-04-01,56202,29861,26341
Sungai Tujuh,2023-05-01,45904,25394,20510
Sungai Tujuh,2023-06-01,27521,15116,12405
Sungai Tujuh,2023-07-01,38186,20736,17450
Sungai Tujuh,2023-08-01,17882,9983,7899
Sungai Tujuh,2023-09-01,17355,9900,7455
Sungai Tujuh,2023-10-01,21461,12123,9338
Sungai Tujuh,2023-11-01,20818,11679,9139
Tanjung Belungkor,2020-01-01,1572,858,714
Tanjung Belungkor,2020-02-01,754,443,311
Tanjung Belungkor,2020-03-01,521,323,198
Tanjung Belungkor,2020-04-01,0,0,0
Tanjung Belungkor,2020-05-01,0,0,0
Tanjung Belungkor,2020-06-01,0,0,0
Tanjung Belungkor,2020-07-01,0,0,0
Tanjung Belungkor,2020-08-01,0,0,0
Tanjung Belungkor,2020-09-01,0,0,0
Tanjung Belungkor,2020-10-01,0,0,0
Tanjung Belungkor,2020-11-01,0,0,0
Tanjung Belungkor,2020-12-01,0,0,0
Tanjung Belungkor,2021-01-01,0,0,0
Tanjung Belungkor,2021-02-01,0,0,0
Tanjung Belungkor,2021-03-01,0,0,0
Tanjung Belungkor,2021-04-01,0,0,0
Tanjung Belungkor,2021-05-01,0,0,0
Tanjung Belungkor,2021-06-01,0,0,0
Tanjung Belungkor,2021-07-01,0,0,0
Tanjung Belungkor,2021-08-01,0,0,0
Tanjung Belungkor,2021-09-01,0,0,0
Tanjung Belungkor,2021-10-01,0,0,0
Tanjung Belungkor,2021-11-01,0,0,0
Tanjung Belungkor,2021-12-01,0,0,0
Tanjung Belungkor,2022-01-01,0,0,0
Tanjung Belungkor,2022-02-01,0,0,0
Tanjung Belungkor,2022-03-01,0,0,0
Tanjung Belungkor,2022-04-01,0,0,0
Tanjung Belungkor,2022-05-01,0,0,0
Tanjung Belungkor,2022-06-01,0,0,0
Tanjung Belungkor,2022-07-01,0,0,0
Tanjung Belungkor,2022-08-01,0,0,0
Tanjung Belungkor,2022-09-01,0,0,0
Tanjung Belungkor,2022-10-01,0,0,0
Tanjung Belungkor,2022-11-01,0,0,0
Tanjung Belungkor,2022-12-01,0,0,0
Tanjung Belungkor,2023-01-01,0,0,0
Tanjung Belungkor,2023-02-01,0,0,0
Tanjung Belungkor,2023-03-01,0,0,0
Tanjung Belungkor,2023-04-01,0,0,0
Tanjung Belungkor,2023-05-01,0,0,0
Tanjung Belungkor,2023-06-01,0,0,0
Tanjung Belungkor,2023-07-01,0,0,0
Tanjung Belungkor,2023-08-01,0,0,0
Tanjung Belungkor,2023-09-01,0,0,0
Tanjung Belungkor,2023-10-01,0,0,0
Tanjung Belungkor,2023-11-01,0,0,0
Tanjung Lembung,2020-01-01,54,32,22
Tanjung Lembung,2020-02-01,9,5,4
Tanjung Lembung,2020-03-01,0,0,0
Tanjung Lembung,2020-04-01,0,0,0
Tanjung Lembung,2020-05-01,0,0,0
Tanjung Lembung,2020-06-01,0,0,0
Tanjung Lembung,2020-07-01,0,0,0
Tanjung Lembung,2020-08-01,0,0,0
Tanjung Lembung,2020-09-01,0,0,0
Tanjung Lembung,2020-10-01,0,0,0
Tanjung Lembung,2020-11-01,0,0,0
Tanjung Lembung,2020-12-01,0,0,0
Tanjung Lembung,2021-01-01,0,0,0
Tanjung Lembung,2021-02-01,0,0,0
Tanjung Lembung,2021-03-01,0,0,0
Tanjung Lembung,2021-04-01,0,0,0
Tanjung Lembung,2021-05-01,0,0,0
Tanjung Lembung,2021-06-01,0,0,0
Tanjung Lembung,2021-07-01,0,0,0
Tanjung Lembung,2021-08-01,0,0,0
Tanjung Lembung,2021-09-01,0,0,0
Tanjung Lembung,2021-10-01,0,0,0
Tanjung Lembung,2021-11-01,0,0,0
Tanjung Lembung,2021-12-01,0,0,0
Tanjung Lembung,2022-01-01,0,0,0
Tanjung Lembung,2022-02-01,0,0,0
Tanjung Lembung,2022-03-01,0,0,0
Tanjung Lembung,2022-04-01,0,0,0
Tanjung Lembung,2022-05-01,0,0,0
Tanjung Lembung,2022-06-01,0,0,0
Tanjung Lembung,2022-07-01,0,0,0
Tanjung Lembung,2022-08-01,0,0,0
Tanjung Lembung,2022-09-01,0,0,0
Tanjung Lembung,2022-10-01,0,0,0
Tanjung Lembung,2022-11-01,2,2,0
Tanjung Lembung,2022-12-01,4,2,2
Tanjung Lembung,2023-01-01,2,1,1
Tanjung Lembung,2023-02-01,6,3,3
Tanjung Lembung,2023-03-01,2,2,0
Tanjung Lembung,2023-04-01,1,1,0
Tanjung Lembung,2023-05-01,4,1,3
Tanjung Lembung,2023-06-01,0,0,0
Tanjung Lembung,2023-07-01,1,1,0
Tanjung Lembung,2023-08-01,0,0,0
Tanjung Lembung,2023-09-01,0,0,0
Tanjung Lembung,2023-10-01,0,0,0
Tanjung Lembung,2023-11-01,19,13,6
Tanjung Pengelih,2020-01-01,4256,2646,1610
Tanjung Pengelih,2020-02-01,3088,2126,962
Tanjung Pengelih,2020-03-01,1337,946,391
Tanjung Pengelih,2020-04-01,13,13,0
Tanjung Pengelih,2020-05-01,12,12,0
Tanjung Pengelih,2020-06-01,2,2,0
Tanjung Pengelih,2020-07-01,6,6,0
Tanjung Pengelih,2020-08-01,0,0,0
Tanjung Pengelih,2020-09-01,0,0,0
Tanjung Pengelih,2020-10-01,0,0,0
Tanjung Pengelih,2020-11-01,0,0,0
Tanjung Pengelih,2020-12-01,0,0,0
Tanjung Pengelih,2021-01-01,0,0,0
Tanjung Pengelih,2021-02-01,0,0,0
Tanjung Pengelih,2021-03-01,0,0,0
Tanjung Pengelih,2021-04-01,0,0,0
Tanjung Pengelih,2021-05-01,0,0,0
Tanjung Pengelih,2021-06-01,0,0,0
Tanjung Pengelih,2021-07-01,0,0,0
Tanjung Pengelih,2021-08-01,0,0,0
Tanjung Pengelih,2021-09-01,1,1,0
Tanjung Pengelih,2021-10-01,0,0,0
Tanjung Pengelih,2021-11-01,0,0,0
Tanjung Pengelih,2021-12-01,0,0,0
Tanjung Pengelih,2022-01-01,0,0,0
Tanjung Pengelih,2022-02-01,0,0,0
Tanjung Pengelih,2022-03-01,0,0,0
Tanjung Pengelih,2022-04-01,1,1,0
Tanjung Pengelih,2022-05-01,3446,2077,1369
Tanjung Pengelih,2022-06-01,6230,4012,2218
Tanjung Pengelih,2022-07-01,5413,3669,1744
Tanjung Pengelih,2022-08-01,4884,3361,1523
Tanjung Pengelih,2022-09-01,2309,1478,831
Tanjung Pengelih,2022-10-01,1687,1159,528
Tanjung Pengelih,2022-11-01,3777,2527,1250
Tanjung Pengelih,2022-12-01,4644,2485,2159
Tanjung Pengelih,2023-01-01,2607,1298,1309
Tanjung Pengelih,2023-02-01,687,390,297
Tanjung Pengelih,2023-03-01,1355,793,562
Tanjung Pengelih,2023-04-01,981,519,462
Tanjung Pengelih,2023-05-01,706,377,329
Tanjung Pengelih,2023-06-01,1016,552,464
Tanjung Pengelih,2023-07-01,1160,578,582
Tanjung Pengelih,2023-08-01,553,293,260
Tanjung Pengelih,2023-09-01,641,322,319
Tanjung Pengelih,2023-10-01,711,392,319
Tanjung Pengelih,2023-11-01,680,346,334
Tebedu,2020-01-01,17189,10024,7165
Tebedu,2020-02-01,8428,5275,3153
Tebedu,2020-03-01,5241,3287,1954
Tebedu,2020-04-01,1,1,0
Tebedu,2020-05-01,6,2,4
Tebedu,2020-06-01,19,13,6
Tebedu,2020-07-01,147,127,20
Tebedu,2020-08-01,87,54,33
Tebedu,2020-09-01,74,42,32
Tebedu,2020-10-01,22,11,11
Tebedu,2020-11-01,0,0,0
Tebedu,2020-12-01,6,4,2
Tebedu,2021-01-01,11,7,4
Tebedu,2021-02-01,3,2,1
Tebedu,2021-03-01,6,6,0
Tebedu,2021-04-01,31,31,0
Tebedu,2021-05-01,1,0,1
Tebedu,2021-06-01,8,6,2
Tebedu,2021-07-01,12,11,1
Tebedu,2021-08-01,9,6,3
Tebedu,2021-09-01,8,5,3
Tebedu,2021-10-01,4,3,1
Tebedu,2021-11-01,19,13,6
Tebedu,2021-12-01,36,29,7
Tebedu,2022-01-01,57,38,19
Tebedu,2022-02-01,28,21,7
Tebedu,2022-03-01,46,35,11
Tebedu,2022-04-01,909,539,370
Tebedu,2022-05-01,5293,3291,2002
Tebedu,2022-06-01,11520,6904,4616
Tebedu,2022-07-01,13866,7795,6071
Tebedu,2022-08-01,11315,6181,5134
Tebedu,2022-09-01,11159,5939,5220
Tebedu,2022-10-01,12921,7216,5705
Tebedu,2022-11-01,14433,7811,6622
Tebedu,2022-12-01,19928,9316,10612
Tebedu,2023-01-01,21605,11392,10213
Tebedu,2023-02-01,17391,9176,8215
Tebedu,2023-03-01,18030,9517,8513
Tebedu,2023-04-01,23410,11163,12247
Tebedu,2023-05-01,23479,13391,10088
Tebedu,2023-06-01,19604,9385,10219
Tebedu,2023-07-01,19119,9468,9651
Tebedu,2023-08-01,16403,8807,7596
Tebedu,2023-09-01,19315,10104,9211
Tebedu,2023-10-01,19109,10022,9087
Tebedu,2023-11-01,18885,9918,8967
Tedungan,2020-01-01,10987,6540,4447
Tedungan,2020-02-01,8145,4942,3203
Tedungan,2020-03-01,5870,3557,2313
Tedungan,2020-04-01,32,9,23
Tedungan,2020-05-01,19,15,4
Tedungan,2020-06-01,241,234,7
Tedungan,2020-07-01,182,172,10
Tedungan,2020-08-01,118,115,3
Tedungan,2020-09-01,24,18,6
Tedungan,2020-10-01,41,41,0
Tedungan,2020-11-01,104,104,0
Tedungan,2020-12-01,25,24,1
Tedungan,2021-01-01,15,14,1
Tedungan,2021-02-01,99,97,2
Tedungan,2021-03-01,226,211,15
Tedungan,2021-04-01,187,176,11
Tedungan,2021-05-01,143,142,1
Tedungan,2021-06-01,91,91,0
Tedungan,2021-07-01,110,110,0
Tedungan,2021-08-01,95,95,0
Tedungan,2021-09-01,35,35,0
Tedungan,2021-10-01,18,18,0
Tedungan,2021-11-01,74,74,0
Tedungan,2021-12-01,66,61,5
Tedungan,2022-01-01,186,175,11
Tedungan,2022-02-01,143,134,9
Tedungan,2022-03-01,113,113,0
Tedungan,2022-04-01,224,221,3
Tedungan,2022-05-01,238,216,22
Tedungan,2022-06-01,367,313,54
Tedungan,2022-07-01,427,262,165
Tedungan,2022-08-01,2673,1567,1106
Tedungan,2022-09-01,5231,3000,2231
Tedungan,2022-10-01,8994,5236,3758
Tedungan,2022-11-01,7145,4266,2879
Tedungan,2022-12-01,16802,9470,7332
Tedungan,2023-01-01,15029,9008,6021
Tedungan,2023-02-01,15368,9224,6144
Tedungan,2023-03-01,16216,9559,6657
Tedungan,2023-04-01,20236,11527,8709
Tedungan,2023-05-01,17110,10458,6652
Tedungan,2023-06-01,14469,8874,5595
Tedungan,2023-07-01,14241,8413,5828
Tedungan,2023-08-01,12618,7470,5148
Tedungan,2023-09-01,16120,9495,6625
Tedungan,2023-10-01,16861,10057,6804
Tedungan,2023-11-01,14013,8459,5554
Telaga Harbour Park,2020-01-01,6656,3279,3377
Telaga Harbour Park,2020-02-01,2966,1404,1562
Telaga Harbour Park,2020-03-01,1719,855,864
Telaga Harbour Park,2020-04-01,0,0,0
Telaga Harbour Park,2020-05-01,0,0,0
Telaga Harbour Park,2020-06-01,2,2,0
Telaga Harbour Park,2020-07-01,1,1,0
Telaga Harbour Park,2020-08-01,0,0,0
Telaga Harbour Park,2020-09-01,0,0,0
Telaga Harbour Park,2020-10-01,0,0,0
Telaga Harbour Park,2020-11-01,0,0,0
Telaga Harbour Park,2020-12-01,0,0,0
Telaga Harbour Park,2021-01-01,0,0,0
Telaga Harbour Park,2021-02-01,0,0,0
Telaga Harbour Park,2021-03-01,0,0,0
Telaga Harbour Park,2021-04-01,0,0,0
Telaga Harbour Park,2021-05-01,2,2,0
Telaga Harbour Park,2021-06-01,0,0,0
Telaga Harbour Park,2021-07-01,3,1,2
Telaga Harbour Park,2021-08-01,0,0,0
Telaga Harbour Park,2021-09-01,0,0,0
Telaga Harbour Park,2021-10-01,0,0,0
Telaga Harbour Park,2021-11-01,0,0,0
Telaga Harbour Park,2021-12-01,0,0,0
Telaga Harbour Park,2022-01-01,0,0,0
Telaga Harbour Park,2022-02-01,0,0,0
Telaga Harbour Park,2022-03-01,0,0,0
Telaga Harbour Park,2022-04-01,14,13,1
Telaga Harbour Park,2022-05-01,25,20,5
Telaga Harbour Park,2022-06-01,25,20,5
Telaga Harbour Park,2022-07-01,25,14,11
Telaga Harbour Park,2022-08-01,60,43,17
Telaga Harbour Park,2022-09-01,48,39,9
Telaga Harbour Park,2022-10-01,299,166,133
Telaga Harbour Park,2022-11-01,1183,633,550
Telaga Harbour Park,2022-12-01,2036,984,1052
Telaga Harbour Park,2023-01-01,4206,2143,2063
Telaga Harbour Park,2023-02-01,3728,1799,1929
Telaga Harbour Park,2023-03-01,3204,1538,1666
Telaga Harbour Park,2023-04-01,2368,1121,1247
Telaga Harbour Park,2023-05-01,1273,605,668
Telaga Harbour Park,2023-06-01,17,11,6
Telaga Harbour Park,2023-07-01,16,10,6
Telaga Harbour Park,2023-08-01,33,26,7
Telaga Harbour Park,2023-09-01,14,10,4
Telaga Harbour Park,2023-10-01,375,207,168
Telaga Harbour Park,2023-11-01,2046,994,1052
Terminal Feri Minyak Beku,2020-01-01,1045,892,153
Terminal Feri Minyak Beku,2020-02-01,1128,929,199
Terminal Feri Minyak Beku,2020-03-01,672,585,87
Terminal Feri Minyak Beku,2020-04-01,0,0,0
Terminal Feri Minyak Beku,2020-05-01,0,0,0
Terminal Feri Minyak Beku,2020-06-01,0,0,0
Terminal Feri Minyak Beku,2020-07-01,0,0,0
Terminal Feri Minyak Beku,2020-08-01,0,0,0
Terminal Feri Minyak Beku,2020-09-01,0,0,0
Terminal Feri Minyak Beku,2020-10-01,0,0,0
Terminal Feri Minyak Beku,2020-11-01,0,0,0
Terminal Feri Minyak Beku,2020-12-01,0,0,0
Terminal Feri Minyak Beku,2021-01-01,0,0,0
Terminal Feri Minyak Beku,2021-02-01,0,0,0
Terminal Feri Minyak Beku,2021-03-01,0,0,0
Terminal Feri Minyak Beku,2021-04-01,0,0,0
Terminal Feri Minyak Beku,2021-05-01,0,0,0
Terminal Feri Minyak Beku,2021-06-01,0,0,0
Terminal Feri Minyak Beku,2021-07-01,0,0,0
Terminal Feri Minyak Beku,2021-08-01,0,0,0
Terminal Feri Minyak Beku,2021-09-01,0,0,0
Terminal Feri Minyak Beku,2021-10-01,0,0,0
Terminal Feri Minyak Beku,2021-11-01,0,0,0
Terminal Feri Minyak Beku,2021-12-01,0,0,0
Terminal Feri Minyak Beku,2022-01-01,0,0,0
Terminal Feri Minyak Beku,2022-02-01,0,0,0
Terminal Feri Minyak Beku,2022-03-01,0,0,0
Terminal Feri Minyak Beku,2022-04-01,0,0,0
Terminal Feri Minyak Beku,2022-05-01,0,0,0
Terminal Feri Minyak Beku,2022-06-01,0,0,0
Terminal Feri Minyak Beku,2022-07-01,0,0,0
Terminal Feri Minyak Beku,2022-08-01,0,0,0
Terminal Feri Minyak Beku,2022-09-01,0,0,0
Terminal Feri Minyak Beku,2022-10-01,0,0,0
Terminal Feri Minyak Beku,2022-11-01,0,0,0
Terminal Feri Minyak Beku,2022-12-01,0,0,0
Terminal Feri Minyak Beku,2023-01-01,337,279,58
Terminal Feri Minyak Beku,2023-02-01,559,430,129
Terminal Feri Minyak Beku,2023-03-01,355,315,40
Terminal Feri Minyak Beku,2023-04-01,462,340,122
Terminal Feri Minyak Beku,2023-05-01,1265,1089,176
Terminal Feri Minyak Beku,2023-06-01,2187,1874,313
Terminal Feri Minyak Beku,2023-07-01,2337,1994,343
Terminal Feri Minyak Beku,2023-08-01,3426,2987,439
Terminal Feri Minyak Beku,2023-09-01,1488,1320,168
Terminal Feri Minyak Beku,2023-10-01,0,0,0
Terminal Feri Minyak Beku,2023-11-01,1661,1402,259
Terminal Feri Puteri Harbour,2020-01-01,14485,7837,6648
Terminal Feri Puteri Harbour,2020-02-01,11174,6378,4796
Terminal Feri Puteri Harbour,2020-03-01,6828,3997,2831
Terminal Feri Puteri Harbour,2020-04-01,4,4,0
Terminal Feri Puteri Harbour,2020-05-01,0,0,0
Terminal Feri Puteri Harbour,2020-06-01,0,0,0
Terminal Feri Puteri Harbour,2020-07-01,0,0,0
Terminal Feri Puteri Harbour,2020-08-01,0,0,0
Terminal Feri Puteri Harbour,2020-09-01,0,0,0
Terminal Feri Puteri Harbour,2020-10-01,0,0,0
Terminal Feri Puteri Harbour,2020-11-01,0,0,0
Terminal Feri Puteri Harbour,2020-12-01,0,0,0
Terminal Feri Puteri Harbour,2021-01-01,0,0,0
Terminal Feri Puteri Harbour,2021-02-01,0,0,0
Terminal Feri Puteri Harbour,2021-03-01,0,0,0
Terminal Feri Puteri Harbour,2021-04-01,0,0,0
Terminal Feri Puteri Harbour,2021-05-01,0,0,0
Terminal Feri Puteri Harbour,2021-06-01,0,0,0
Terminal Feri Puteri Harbour,2021-07-01,0,0,0
Terminal Feri Puteri Harbour,2021-08-01,0,0,0
Terminal Feri Puteri Harbour,2021-09-01,0,0,0
Terminal Feri Puteri Harbour,2021-10-01,0,0,0
Terminal Feri Puteri Harbour,2021-11-01,0,0,0
Terminal Feri Puteri Harbour,2021-12-01,0,0,0
Terminal Feri Puteri Harbour,2022-01-01,0,0,0
Terminal Feri Puteri Harbour,2022-02-01,0,0,0
Terminal Feri Puteri Harbour,2022-03-01,0,0,0
Terminal Feri Puteri Harbour,2022-04-01,19,14,5
Terminal Feri Puteri Harbour,2022-05-01,1606,1042,564
Terminal Feri Puteri Harbour,2022-06-01,5126,3178,1948
Terminal Feri Puteri Harbour,2022-07-01,8000,4966,3034
Terminal Feri Puteri Harbour,2022-08-01,10375,6459,3916
Terminal Feri Puteri Harbour,2022-09-01,8970,5503,3467
Terminal Feri Puteri Harbour,2022-10-01,9982,5893,4089
Terminal Feri Puteri Harbour,2022-11-01,13259,7758,5501
Terminal Feri Puteri Harbour,2022-12-01,15197,8558,6639
Terminal Feri Puteri Harbour,2023-01-01,12293,7263,5030
Terminal Feri Puteri Harbour,2023-02-01,11902,7162,4740
Terminal Feri Puteri Harbour,2023-03-01,12375,7591,4784
Terminal Feri Puteri Harbour,2023-04-01,11395,5867,5528
Terminal Feri Puteri Harbour,2023-05-01,11292,6874,4418
Terminal Feri Puteri Harbour,2023-06-01,9872,5189,4683
Terminal Feri Puteri Harbour,2023-07-01,11022,6245,4777
Terminal Feri Puteri Harbour,2023-08-01,8801,4936,3865
Terminal Feri Puteri Harbour,2023-09-01,9568,5390,4178
Terminal Feri Puteri Harbour,2023-10-01,8741,4944,3797
Terminal Feri Puteri Harbour,2023-11-01,8690,4827,3863
Wang Kelian,2020-01-01,8998,6101,2897
Wang Kelian,2020-02-01,7605,5116,2489
Wang Kelian,2020-03-01,4852,3428,1424
Wang Kelian,2020-04-01,1,0,1
Wang Kelian,2020-05-01,0,0,0
Wang Kelian,2020-06-01,2,0,2
Wang Kelian,2020-07-01,3,1,2
Wang Kelian,2020-08-01,1,0,1
Wang Kelian,2020-09-01,0,0,0
Wang Kelian,2020-10-01,0,0,0
Wang Kelian,2020-11-01,0,0,0
Wang Kelian,2020-12-01,4,0,4
Wang Kelian,2021-01-01,0,0,0
Wang Kelian,2021-02-01,0,0,0
Wang Kelian,2021-03-01,0,0,0
Wang Kelian,2021-04-01,1,0,1
Wang Kelian,2021-05-01,0,0,0
Wang Kelian,2021-06-01,0,0,0
Wang Kelian,2021-07-01,0,0,0
Wang Kelian,2021-08-01,0,0,0
Wang Kelian,2021-09-01,0,0,0
Wang Kelian,2021-10-01,0,0,0
Wang Kelian,2021-11-01,1,0,1
Wang Kelian,2021-12-01,0,0,0
Wang Kelian,2022-01-01,1,1,0
Wang Kelian,2022-02-01,1,0,1
Wang Kelian,2022-03-01,1,0,1
Wang Kelian,2022-04-01,828,674,154
Wang Kelian,2022-05-01,1327,866,461
Wang Kelian,2022-06-01,2390,1313,1077
Wang Kelian,2022-07-01,5127,2784,2343
Wang Kelian,2022-08-01,5246,3143,2103
Wang Kelian,2022-09-01,5485,3212,2273
Wang Kelian,2022-10-01,5409,3033,2376
Wang Kelian,2022-11-01,5824,3543,2281
Wang Kelian,2022-12-01,5688,3081,2607
Wang Kelian,2023-01-01,6197,4186,2011
Wang Kelian,2023-02-01,6719,4233,2486
Wang Kelian,2023-03-01,7094,4317,2777
Wang Kelian,2023-04-01,6344,3972,2372
Wang Kelian,2023-05-01,6372,3929,2443
Wang Kelian,2023-06-01,4878,2806,2072
Wang Kelian,2023-07-01,7654,4759,2895
Wang Kelian,2023-08-01,6135,3870,2265
Wang Kelian,2023-09-01,5365,3314,2051
Wang Kelian,2023-10-01,5316,3172,2144
Wang Kelian,2023-11-01,3790,2272,1518
Woodlands Train Checkpoint,2020-01-01,48513,19196,29317
Woodlands Train Checkpoint,2020-02-01,24081,10801,13280
Woodlands Train Checkpoint,2020-03-01,16242,7005,9237
Woodlands Train Checkpoint,2020-04-01,0,0,0
Woodlands Train Checkpoint,2020-05-01,0,0,0
Woodlands Train Checkpoint,2020-06-01,0,0,0
Woodlands Train Checkpoint,2020-07-01,0,0,0
Woodlands Train Checkpoint,2020-08-01,0,0,0
Woodlands Train Checkpoint,2020-09-01,0,0,0
Woodlands Train Checkpoint,2020-10-01,0,0,0
Woodlands Train Checkpoint,2020-11-01,0,0,0
Woodlands Train Checkpoint,2020-12-01,0,0,0
Woodlands Train Checkpoint,2021-01-01,0,0,0
Woodlands Train Checkpoint,2021-02-01,0,0,0
Woodlands Train Checkpoint,2021-03-01,0,0,0
Woodlands Train Checkpoint,2021-04-01,0,0,0
Woodlands Train Checkpoint,2021-05-01,0,0,0
Woodlands Train Checkpoint,2021-06-01,0,0,0
Woodlands Train Checkpoint,2021-07-01,0,0,0
Woodlands Train Checkpoint,2021-08-01,0,0,0
Woodlands Train Checkpoint,2021-09-01,0,0,0
Woodlands Train Checkpoint,2021-10-01,0,0,0
Woodlands Train Checkpoint,2021-11-01,0,0,0
Woodlands Train Checkpoint,2021-12-01,0,0,0
Woodlands Train Checkpoint,2022-01-01,0,0,0
Woodlands Train Checkpoint,2022-02-01,0,0,0
Woodlands Train Checkpoint,2022-03-01,0,0,0
Woodlands Train Checkpoint,2022-04-01,1,1,0
Woodlands Train Checkpoint,2022-05-01,0,0,0
Woodlands Train Checkpoint,2022-06-01,9458,4100,5358
Woodlands Train Checkpoint,2022-07-01,33068,13967,19101
Woodlands Train Checkpoint,2022-08-01,41850,17112,24738
Woodlands Train Checkpoint,2022-09-01,49023,19508,29515
Woodlands Train Checkpoint,2022-10-01,49506,19536,29970
Woodlands Train Checkpoint,2022-11-01,48443,18670,29773
Woodlands Train Checkpoint,2022-12-01,58095,23793,34302
Woodlands Train Checkpoint,2023-01-01,45033,17754,27279
Woodlands Train Checkpoint,2023-02-01,38961,15371,23590
Woodlands Train Checkpoint,2023-03-01,53213,20888,32325
Woodlands Train Checkpoint,2023-04-01,50872,20119,30753
Woodlands Train Checkpoint,2023-05-01,49745,19106,30639
Woodlands Train Checkpoint,2023-06-01,57361,23460,33901
Woodlands Train Checkpoint,2023-07-01,52199,19492,32707
Woodlands Train Checkpoint,2023-08-01,50748,19256,31492
Woodlands Train Checkpoint,2023-09-01,53078,20485,32593
Woodlands Train Checkpoint,2023-10-01,48646,18178,30468
Woodlands Train Checkpoint,2023-11-01,51714,19901,31813
